time_s,npv,P0,npv,P0,V0
0,1.51,2015.41,0.16,519.03,230.33
15,1.5,2017.68,0.13,522.49,230.42
30,1.5,2018.08,0.13,521.96,230.49
45,1.5,2014.38,0.13,519.01,230.4
60,1.51,2014.28,0.15,519.65,230.36
75,1.5,2024.66,0.14,529.62,230.37
90,1.5,2033.71,0.14,536.33,230.48
105,1.49,2039.6,0.14,541.42,230.43
120,1.49,2040.2,0.13,545.48,230.36
135,1.49,2046.68,0.13,549.33,230.36
150,1.48,2047.41,0.13,549.63,230.47
165,1.49,2043.66,0.14,549.02,230.43
180,1.48,2047.03,0.13,551.15,230.46
195,1.48,2049.05,0.14,550.75,230.43
210,1.47,2067.38,0.12,571.5,230.36
225,1.47,2067.19,0.14,572.61,230.43
240,1.47,2069.61,0.13,571.71,230.41
255,1.47,2069.03,0.15,572.13,230.45
270,1.47,2066.61,0.14,571.84,230.35
285,1.47,2067.01,0.13,571.64,230.49
300,1.47,2071.36,0.13,573.96,230.35
315,1.47,2070.64,0.14,572.86,230.49
330,1.47,2069.7,0.12,571.67,230.37
345,1.47,2071.83,0.14,573.23,230.41
360,1.47,2069.56,0.13,571.06,230.49
375,1.47,2068.4,0.13,571.63,230.37
390,1.47,2067.44,0.14,572.28,230.37
405,1.47,2068.97,0.13,572.71,230.48
420,1.47,2067.68,0.14,569.61,230.41
435,1.47,2070.09,0.15,571.49,230.4
450,1.47,2066.63,0.12,567.95,230.46
465,1.47,2069.22,0.14,571.44,230.36
480,1.47,2064.9,0.14,567.25,230.47
495,1.46,2067.6,0.11,571.61,230.39
510,1.48,2061.59,0.15,566.51,230.42
525,1.47,2064.46,0.13,567.89,230.42
540,1.47,2064.35,0.13,566.95,230.37
555,1.48,2064.06,0.15,566.03,230.37
570,1.44,2060.84,0.0,563.88,230.39
585,1.47,2059.81,0.12,564.04,230.38
600,1.48,2058.91,0.14,563.8,230.39
615,1.47,2060.83,0.13,563.73,230.37
630,1.48,2064.41,0.14,565.52,230.36
645,1.48,2060.66,0.14,562.98,230.37
660,1.47,2058.5,0.13,563.21,230.37
675,1.48,2061.46,0.16,564.09,230.39
690,1.48,2060.22,0.15,562.54,230.47
705,1.47,2057.39,0.11,562.42,230.5
720,1.48,2059.25,0.16,563.67,230.41
735,1.48,2057.09,0.13,561.05,230.37
750,1.48,2059.31,0.14,560.94,230.46
765,1.48,2056.29,0.13,559.16,230.51
780,1.47,2054.53,0.12,559.31,230.51
795,1.48,2058.03,0.13,559.41,230.51
810,1.48,2053.54,0.15,556.93,230.48
825,1.48,2052.68,0.14,557.51,230.46
840,1.48,2048.76,0.13,556.09,230.42
855,1.48,2053.47,0.14,558.71,230.37
870,1.48,2051.36,0.13,557.6,230.41
885,1.48,2047.84,0.14,555.97,230.37
900,1.48,2045.88,0.13,554.97,230.48
915,1.48,2047.07,0.13,555.32,230.44
930,1.49,2047.96,0.14,554.13,230.43
945,1.48,2048.99,0.13,554.52,230.39
960,1.48,2043.44,0.13,551.81,230.51
975,1.48,2047.8,0.14,555.95,230.39
990,1.48,2044.37,0.12,550.64,230.43
1005,1.48,2048.23,0.14,553.53,230.5
1020,1.48,2044.97,0.14,551.43,230.38
1035,1.48,2041.89,0.12,549.78,230.52
1050,1.48,2044.74,0.14,553.32,230.39
1065,1.49,2039.76,0.14,548.73,230.48
1080,1.48,2043.71,0.13,552.55,230.42
1095,1.49,2043.85,0.15,550.43,230.42
1110,1.45,2040.64,0.0,548.11,230.51
1125,1.49,2042.48,0.14,550.61,230.42
1140,1.49,2040.5,0.15,549.14,230.41
1155,1.49,2039.56,0.13,547.72,230.52
1170,1.49,2044.56,0.15,551.26,230.43
1185,1.49,2043.48,0.16,549.95,230.38
1200,1.49,2038.47,0.15,545.86,230.48
1215,1.5,2040.29,0.18,549.29,230.51
1230,1.5,2038.74,0.17,546.68,230.39
1245,1.49,2042.45,0.14,548.05,230.4
1260,1.49,2039.63,0.15,545.48,230.46
1275,1.49,2038.22,0.14,544.77,230.51
1290,1.49,2038.76,0.15,546.64,230.52
1305,1.5,2036.76,0.17,546.12,230.51
1320,1.49,2037.8,0.15,546.79,230.46
1335,1.5,2039.12,0.2,546.93,230.44
1350,1.5,2041.78,0.18,547.51,230.47
1365,1.49,2036.72,0.16,545.07,230.42
1380,1.5,2040.67,0.17,546.69,230.4
1395,1.5,2035.45,0.16,543.14,230.39
1410,1.49,2032.95,0.15,542.32,230.4
1425,1.5,2036.3,0.19,543.64,230.43
1440,1.49,2035.55,0.14,541.85,230.52
1455,1.5,2037.13,0.16,543.26,230.49
1470,1.5,2037.89,0.18,545.24,230.45
1485,1.5,2035.34,0.16,542.34,230.39
1500,1.5,2034.35,0.17,542.64,230.52
1515,1.5,2033.79,0.18,542.44,230.46
1530,1.5,2031.5,0.15,541.1,230.39
1545,1.5,2031.81,0.17,541.27,230.49
1560,1.5,2035.29,0.16,541.85,230.44
1575,1.5,2032.53,0.14,539.14,230.45
1590,,2060.14,,569.13,230.5
1605,1.45,2471.15,0.65,980.79,230.42
1620,1.44,2468.92,0.61,977.96,230.38
1635,1.45,2467.81,0.64,975.27,230.42
1650,1.44,2471.96,0.61,978.63,230.51
1665,1.44,2471.99,0.62,978.64,230.45
1680,1.45,2469.0,0.63,975.32,230.41
1695,1.45,2468.71,0.63,978.12,230.51
1710,1.42,2467.16,0.57,976.33,230.39
1725,1.45,2467.35,0.64,974.56,230.51
1740,1.43,2470.61,0.59,977.83,230.5
1755,1.45,2466.59,0.63,974.74,230.48
1770,1.45,2467.04,0.62,976.53,230.44
1785,1.44,2463.28,0.62,973.05,230.38
1800,1.43,2471.23,0.58,972.8,230.43
1815,1.42,2470.84,0.55,974.46,230.52
1830,1.43,2469.9,0.59,974.71,230.42
1845,1.43,2469.24,0.58,973.13,230.38
1860,1.43,2468.86,0.58,973.49,230.41
1875,1.44,2464.67,0.6,970.04,230.5
1890,1.68,4373.56,1.52,2878.52,230.63
1905,1.68,4367.35,1.52,2869.97,230.62
1920,1.67,4369.19,1.51,2871.01,230.61
1935,1.67,4361.52,1.51,2866.8,230.62
1950,1.67,4364.38,1.51,2867.03,230.58
1965,1.63,5791.81,1.51,4294.03,230.55
1980,1.55,5830.53,1.4,4335.89,230.58
1995,1.55,5830.73,1.4,4334.85,230.59
2010,,6571.5,,5073.2,230.53
2025,1.6,6564.79,1.49,5068.9,230.52
2040,1.6,6556.96,1.49,5062.38,230.47
2055,1.61,6558.91,1.5,5061.01,230.56
2070,1.6,6555.6,1.49,5058.7,230.53
2085,1.6,6553.71,1.49,5058.94,230.47
2100,1.6,6554.77,1.49,5059.41,230.56
2115,,5826.3,,4328.9,230.55
2130,1.55,5827.19,1.4,4329.41,230.51
2145,1.54,5826.0,1.39,4327.97,230.5
2160,1.54,5832.48,1.39,4333.87,230.55
2175,1.55,5832.8,1.41,4334.3,230.6
2190,1.55,5827.81,1.4,4331.05,230.54
2205,1.55,5828.46,1.4,4333.3,230.49
2220,1.56,5823.44,1.41,4327.18,230.49
2235,1.43,5816.73,1.25,4318.66,230.5
2250,1.32,3928.13,0.92,2429.54,230.39
2265,1.34,3925.84,0.94,2427.16,230.39
2280,1.35,3922.83,0.95,2425.04,230.45
2295,1.32,3923.34,0.92,2425.69,230.48
2310,1.34,3925.68,0.94,2429.69,230.49
2325,1.34,3919.0,0.94,2423.92,230.43
2340,1.34,3921.79,0.94,2425.22,230.37
2355,1.33,3920.69,0.93,2423.3,230.46
2370,1.33,3921.33,0.93,2423.3,230.48
2385,1.33,3916.87,0.93,2419.91,230.41
2400,1.34,3924.0,0.95,2428.23,230.37
2415,1.34,3914.05,0.94,2418.93,230.38
2430,1.33,3915.42,0.93,2418.31,230.48
2445,1.34,3924.11,0.95,2425.23,230.46
2460,1.35,3916.63,0.95,2418.95,230.4
2475,1.33,3911.79,0.93,2416.49,230.35
2490,1.33,3913.17,0.93,2415.81,230.35
2505,1.33,3915.22,0.93,2417.54,230.45
2520,1.33,3910.23,0.93,2415.26,230.45
2535,1.32,3916.07,0.91,2420.49,230.41
2550,1.32,3910.09,0.92,2414.04,230.39
2565,1.33,3912.38,0.93,2414.01,230.44
2580,1.32,3910.07,0.91,2412.94,230.47
2595,1.31,3905.01,0.9,2409.78,230.45
2610,1.31,3911.52,0.9,2412.89,230.41
2625,1.33,3907.54,0.93,2410.92,230.38
2640,1.33,3906.68,0.92,2411.5,230.42
2655,1.34,3902.46,0.94,2409.79,230.47
2670,1.33,3906.71,0.92,2411.94,230.48
2685,1.32,3903.67,0.91,2409.91,230.48
2700,1.33,3900.2,0.92,2408.33,230.47
2715,1.32,3900.72,0.92,2409.81,230.48
2730,1.32,3902.12,0.9,2410.37,230.44
2745,1.32,3900.36,0.91,2406.53,230.36
2760,1.33,3902.51,0.92,2408.05,230.41
2775,1.33,3900.55,0.93,2408.91,230.48
2790,1.32,3897.32,0.91,2405.46,230.46
2805,1.34,3899.78,0.94,2406.05,230.43
2820,1.32,3905.99,0.91,2411.29,230.39
2835,1.33,3903.4,0.93,2409.86,230.38
2850,1.34,3900.44,0.94,2408.33,230.38
2865,1.33,3903.75,0.93,2412.32,230.45
2880,1.32,3899.39,0.91,2408.36,230.48
2895,1.33,3903.06,0.92,2411.9,230.45
2910,1.31,3904.04,0.9,2410.62,230.48
2925,1.32,3901.12,0.91,2408.59,230.49
2940,1.33,3904.91,0.93,2413.04,230.49
2955,1.32,3898.02,0.91,2406.65,230.47
2970,1.32,3902.39,0.91,2410.55,230.44
2985,1.34,3903.94,0.94,2410.64,230.37
3000,1.32,3905.02,0.91,2411.49,230.4
3015,1.34,3901.7,0.93,2409.09,230.48
3030,1.33,3897.7,0.92,2406.7,230.49
3045,1.33,3898.47,0.92,2406.41,230.48
3060,1.34,3900.57,0.93,2406.17,230.41
3075,1.33,3903.46,0.92,2409.32,230.37
3090,1.32,3909.53,0.92,2416.08,230.46
3105,1.32,3899.5,0.92,2407.39,230.49
3120,1.32,3902.29,0.92,2411.65,230.41
3135,1.32,3904.69,0.91,2413.68,230.37
3150,1.32,3900.86,0.91,2408.68,230.43
3165,1.32,3907.05,0.92,2412.78,230.48
3180,1.33,3897.53,0.92,2405.87,230.49
3195,1.33,3905.92,0.93,2411.94,230.5
3210,1.33,3902.72,0.93,2410.4,230.48
3225,1.33,3900.4,0.93,2409.77,230.48
3240,1.33,3898.77,0.92,2406.11,230.5
3255,1.33,3900.77,0.93,2407.06,230.47
3270,1.32,3902.62,0.92,2408.75,230.49
3285,1.32,3904.54,0.92,2411.89,230.4
3300,1.34,3895.99,0.94,2402.98,230.48
3315,1.34,3901.34,0.94,2409.62,230.45
3330,1.33,3901.01,0.92,2409.65,230.38
3345,1.33,3894.97,0.93,2404.57,230.38
3360,1.32,3897.9,0.9,2407.36,230.37
3375,1.33,3898.57,0.92,2405.13,230.38
3390,1.33,3902.15,0.92,2408.76,230.37
3405,1.33,3897.88,0.93,2406.86,230.49
3420,1.33,3899.35,0.92,2408.99,230.46
3435,1.33,3900.24,0.92,2409.29,230.37
3450,1.32,3897.31,0.92,2404.77,230.44
3465,1.32,3904.78,0.9,2411.44,230.46
3480,1.33,3900.2,0.93,2406.85,230.42
3495,1.33,3898.6,0.92,2404.91,230.43
3510,1.34,3898.24,0.94,2407.64,230.49
3525,1.33,3892.4,0.93,2401.57,230.4
3540,1.33,3900.8,0.93,2408.01,230.4
3555,1.34,3899.25,0.94,2406.47,230.44
3570,1.34,3900.08,0.95,2408.23,230.45
3585,1.35,3893.15,0.95,2402.63,230.41
3600,0.93,2404.55,0.93,2404.55,230.47
3615,,1203.83,,1203.83,230.61
3630,,534.94,,534.94,230.43
3645,0.64,163.44,0.64,163.44,230.55
3660,0.58,163.9,0.58,163.9,230.41
3675,0.64,164.35,0.64,164.35,230.53
3690,0.64,162.67,0.64,162.67,230.49
3705,0.65,165.06,0.65,165.06,230.43
3720,0.63,160.54,0.63,160.54,230.47
3735,0.62,160.48,0.62,160.48,230.49
3750,0.6,157.12,0.6,157.12,230.51
3765,0.63,159.37,0.63,159.37,230.42
3780,0.54,157.45,0.54,157.45,230.55
3795,0.68,162.31,0.68,162.31,230.42
3810,0.65,157.53,0.65,157.53,230.53
3825,0.64,158.42,0.64,158.42,230.41
3840,0.66,158.88,0.66,158.88,230.52
3855,0.59,159.64,0.59,159.64,230.41
3870,0.44,158.88,0.44,158.88,230.54
3885,0.74,159.08,0.74,159.08,230.42
3900,0.6,157.72,0.6,157.72,230.56
3915,0.7,157.65,0.7,157.65,230.42
3930,0.7,158.85,0.7,158.85,230.53
3945,0.59,159.07,0.59,159.07,230.44
3960,0.67,157.97,0.67,157.97,230.54
3975,0.67,158.91,0.67,158.91,230.41
3990,0.69,156.18,0.69,156.18,230.5
4005,0.71,158.23,0.71,158.23,230.53
4020,0.59,160.62,0.59,160.62,230.41
4035,0.54,156.38,0.54,156.38,230.51
4050,0.71,158.8,0.71,158.8,230.48
4065,0.73,157.0,0.73,157.0,230.41
4080,0.64,155.86,0.64,155.86,230.52
4095,0.63,157.76,0.63,157.76,230.53
4110,0.77,160.67,0.77,160.67,230.41
4125,0.56,156.73,0.56,156.73,230.43
4140,0.75,156.43,0.75,156.43,230.54
4155,0.49,158.06,0.49,158.06,230.48
4170,0.65,156.5,0.65,156.5,230.42
4185,0.71,157.9,0.71,157.9,230.51
4200,0.55,157.8,0.55,157.8,230.53
4215,0.66,159.3,0.66,159.3,230.44
4230,0.78,156.38,0.78,156.38,230.43
4245,0.61,155.67,0.61,155.67,230.52
4260,0.73,157.66,0.73,157.66,230.53
4275,0.79,158.02,0.79,158.02,230.42
4290,0.64,156.45,0.64,156.45,230.42
4305,0.68,154.94,0.68,154.94,230.48
4320,0.65,157.18,0.65,157.18,230.47
4335,0.66,155.61,0.66,155.61,230.42
4350,0.75,157.14,0.75,157.14,230.41
4365,0.56,156.97,0.56,156.97,230.41
4380,0.7,156.9,0.7,156.9,230.41
4395,0.67,155.15,0.67,155.15,230.44
4410,0.54,155.28,0.54,155.28,230.55
4425,0.7,156.17,0.7,156.17,230.4
4440,0.67,154.58,0.67,154.58,230.51
4455,0.6,157.0,0.6,157.0,230.5
4470,0.7,159.22,0.7,159.22,230.4
4485,0.65,153.86,0.65,153.86,230.49
4500,0.56,155.6,0.56,155.6,230.54
4515,0.63,156.7,0.63,156.7,230.4
4530,0.69,154.68,0.69,154.68,230.47
4545,0.69,155.51,0.69,155.51,230.53
4560,0.83,156.73,0.83,156.73,230.42
4575,0.56,154.46,0.56,154.46,230.42
4590,0.7,157.08,0.7,157.08,230.55
4605,0.61,156.73,0.61,156.73,230.44
4620,0.7,154.28,0.7,154.28,230.43
4635,0.76,154.73,0.76,154.73,230.55
4650,0.57,156.17,0.57,156.17,230.41
4665,0.71,154.42,0.71,154.42,230.53
4680,0.65,156.19,0.65,156.19,230.43
4695,0.68,153.44,0.68,153.44,230.48
4710,0.72,158.0,0.72,158.0,230.52
4725,0.66,157.28,0.66,157.28,230.4
4740,0.62,154.24,0.62,154.24,230.51
4755,0.62,118.94,0.62,118.94,230.54
4770,0.63,120.34,0.63,120.34,230.48
4785,0.63,118.6,0.63,118.6,230.43
4800,0.63,119.26,0.63,119.26,230.53
4815,0.63,119.0,0.63,119.0,230.4
4830,0.63,117.84,0.63,117.84,230.55
4845,0.63,120.23,0.63,120.23,230.44
4860,0.63,118.0,0.63,118.0,230.45
4875,0.63,118.21,0.63,118.21,230.55
4890,0.63,119.76,0.63,119.76,230.52
4905,0.63,119.99,0.63,119.99,230.43
4920,0.63,117.21,0.63,117.21,230.44
4935,0.63,118.16,0.63,118.16,230.55
4950,0.66,119.95,0.66,119.95,230.47
4965,0.63,117.64,0.63,117.64,230.43
4980,0.6,118.88,0.6,118.88,230.55
4995,0.61,118.88,0.61,118.88,230.41
5010,0.62,117.74,0.62,117.74,230.55
5025,0.62,118.97,0.62,118.97,230.43
5040,0.63,117.66,0.63,117.66,230.53
5055,0.63,119.78,0.63,119.78,230.49
5070,0.64,118.41,0.64,118.41,230.41
5085,0.64,116.95,0.64,116.95,230.54
5100,0.64,119.39,0.64,119.39,230.51
5115,0.62,119.48,0.62,119.48,230.43
5130,0.64,118.17,0.64,118.17,230.42
5145,0.64,116.92,0.64,116.92,230.47
5160,0.64,118.49,0.64,118.49,230.55
5175,0.63,119.13,0.63,119.13,230.44
5190,0.64,117.92,0.64,117.92,230.42
5205,0.62,117.41,0.62,117.41,230.42
5220,0.64,116.8,0.64,116.8,230.49
5235,0.62,117.45,0.62,117.45,230.56
5250,0.64,118.37,0.64,118.37,230.55
5265,0.65,119.13,0.65,119.13,230.48
5280,0.63,118.64,0.63,118.64,230.42
5295,0.61,116.9,0.61,116.9,230.45
5310,0.64,117.21,0.64,117.21,230.56
5325,0.65,118.59,0.65,118.59,230.53
5340,0.62,118.84,0.62,118.84,230.45
5355,0.64,118.58,0.64,118.58,230.43
5370,0.64,117.27,0.64,117.27,230.43
5385,0.63,115.68,0.63,115.68,230.53
5400,0.66,118.15,0.66,118.15,230.53
5415,0.64,119.19,0.64,119.19,230.44
5430,0.58,116.89,0.58,116.89,230.46
5445,0.66,115.24,0.66,115.24,230.56
5460,0.62,117.22,0.62,117.22,230.51
5475,0.64,117.09,0.64,117.09,230.42
5490,0.62,115.79,0.62,115.79,230.56
5505,0.63,116.71,0.63,116.71,230.42
5520,0.65,115.12,0.65,115.12,230.54
5535,0.65,117.03,0.65,117.03,230.43
5550,0.61,115.2,0.61,115.2,230.55
5565,0.63,117.53,0.63,117.53,230.49
5580,0.63,115.95,0.63,115.95,230.42
5595,0.62,115.25,0.62,115.25,230.56
5610,0.63,117.5,0.63,117.5,230.49
5625,0.61,116.53,0.61,116.53,230.41
5640,0.63,114.78,0.63,114.78,230.52
5655,0.64,116.72,0.64,116.72,230.51
5670,0.65,115.76,0.65,115.76,230.41
5685,0.63,114.6,0.63,114.6,230.53
5700,0.65,117.19,0.65,117.19,230.51
5715,0.61,115.76,0.61,115.76,230.43
5730,0.63,114.99,0.63,114.99,230.54
5745,0.64,116.99,0.64,116.99,230.51
5760,0.63,114.9,0.63,114.9,230.46
5775,0.64,117.08,0.64,117.08,230.48
5790,0.61,114.49,0.61,114.49,230.48
5805,0.64,116.77,0.64,116.77,230.47
5820,0.65,114.05,0.65,114.05,230.49
5835,0.63,115.79,0.63,115.79,230.55
5850,0.64,115.9,0.64,115.9,230.42
5865,0.66,115.75,0.66,115.75,230.55
5880,0.65,114.36,0.65,114.36,230.47
5895,0.62,116.23,0.62,116.23,230.53
5910,0.64,116.3,0.64,116.3,230.42
5925,0.65,114.25,0.65,114.25,230.46
5940,0.64,114.3,0.64,114.3,230.54
5955,0.65,114.57,0.65,114.57,230.56
5970,0.62,114.63,0.62,114.63,230.55
5985,0.61,114.08,0.61,114.08,230.46
6000,0.64,115.94,0.64,115.94,230.41
6015,0.62,116.71,0.62,116.71,230.44
6030,0.63,116.88,0.63,116.88,230.5
6045,0.66,116.38,0.66,116.38,230.53
6060,0.66,115.56,0.66,115.56,230.53
6075,0.65,116.3,0.65,116.3,230.5
6090,0.64,116.33,0.64,116.33,230.52
6105,0.65,115.92,0.65,115.92,230.54
6120,0.64,113.7,0.64,113.7,230.53
6135,0.62,114.02,0.62,114.02,230.46
6150,0.64,114.81,0.64,114.81,230.42
6165,0.7,116.36,0.7,116.36,230.45
6180,0.71,116.41,0.71,116.41,230.45
6195,0.7,115.38,0.7,115.38,230.42
6210,0.71,114.23,0.71,114.23,230.45
6225,0.71,113.56,0.71,113.56,230.49
6240,0.72,115.0,0.72,115.0,230.42
6255,0.71,115.33,0.71,115.33,230.55
6270,0.72,113.18,0.72,113.18,230.54
6285,0.71,113.67,0.71,113.67,230.51
6300,0.71,114.22,0.71,114.22,230.56
6315,0.72,115.26,0.72,115.26,230.56
6330,0.7,115.72,0.7,115.72,230.52
6345,0.7,116.37,0.7,116.37,230.48
6360,0.72,116.15,0.72,116.15,230.5
6375,0.71,114.24,0.71,114.24,230.57
6390,0.71,114.2,0.71,114.2,230.44
6405,0.72,115.58,0.72,115.58,230.43
6420,0.72,116.22,0.72,116.22,230.47
6435,0.72,115.44,0.72,115.44,230.55
6450,0.72,112.77,0.72,112.77,230.52
6465,0.72,114.59,0.72,114.59,230.42
6480,0.71,115.42,0.71,115.42,230.52
6495,0.72,113.7,0.72,113.7,230.57
6510,0.72,113.32,0.72,113.32,230.54
6525,0.72,114.36,0.72,114.36,230.42
6540,0.72,115.75,0.72,115.75,230.48
6555,0.72,115.03,0.72,115.03,230.54
6570,0.72,114.01,0.72,114.01,230.57
6585,0.72,113.5,0.72,113.5,230.57
6600,0.71,113.62,0.71,113.62,230.57
6615,0.72,113.11,0.72,113.11,230.55
6630,0.71,113.41,0.71,113.41,230.5
6645,0.72,114.19,0.72,114.19,230.44
6660,0.73,115.35,0.73,115.35,230.46
6675,0.71,115.92,0.71,115.92,230.47
6690,0.73,115.22,0.73,115.22,230.44
6705,0.72,115.5,0.72,115.5,230.45
6720,0.73,115.12,0.73,115.12,230.45
6735,0.72,115.11,0.72,115.11,230.54
6750,0.72,113.99,0.72,113.99,230.58
6765,0.71,114.26,0.71,114.26,230.57
6780,0.72,113.09,0.72,113.09,230.57
6795,0.72,113.29,0.72,113.29,230.52
6810,0.71,113.57,0.71,113.57,230.43
6825,0.73,115.26,0.73,115.26,230.46
6840,0.72,115.42,0.72,115.42,230.53
6855,0.72,113.85,0.72,113.85,230.58
6870,0.72,112.2,0.72,112.2,230.54
6885,0.7,112.94,0.7,112.94,230.48
6900,0.72,114.2,0.72,114.2,230.43
6915,0.73,114.34,0.73,114.34,230.56
6930,0.71,112.98,0.71,112.98,230.57
6945,0.72,112.87,0.72,112.87,230.55
6960,0.75,112.08,0.75,112.08,230.46
6975,0.71,114.61,0.71,114.61,230.49
6990,0.7,112.5,0.7,112.5,230.52
7005,0.71,114.76,0.71,114.76,230.43
7020,0.73,114.81,0.73,114.81,230.51
7035,0.0,32.0,0.0,32.0,230.47
7050,0.0,34.53,0.0,34.53,230.47
7065,0.0,32.45,0.0,32.45,230.58
7080,0.0,32.34,0.0,32.34,230.47
7095,0.0,34.59,0.0,34.59,230.49
7110,0.0,32.84,0.0,32.84,230.58
7125,0.0,32.52,0.0,32.52,230.46
7140,0.0,34.51,0.0,34.51,230.51
7155,0.0,32.37,0.0,32.37,230.57
7170,0.0,31.89,0.0,31.89,230.51
7185,1.94,1531.72,0.0,33.29,230.44
7200,1.94,1530.89,0.0,34.51,230.46
7215,1.94,1528.27,0.0,33.07,230.58
7230,1.94,1529.62,0.0,33.5,230.43
7245,1.94,1529.31,0.0,33.94,230.55
7260,1.94,1526.52,0.0,31.89,230.54
7275,1.94,1529.24,0.0,34.2,230.44
7290,1.94,1530.7,0.0,33.33,230.57
7305,1.94,1530.21,0.0,32.04,230.49
7320,1.94,1529.17,0.0,34.45,230.45
7335,1.93,1536.73,0.0,39.37,230.56
7350,1.93,1538.71,0.0,40.94,230.43
7365,1.93,1535.59,0.0,40.94,230.57
7380,1.93,1535.73,0.0,39.85,230.57
7395,1.93,1537.93,0.0,39.63,230.47
7410,1.91,1548.34,0.0,52.46,230.44
7425,1.89,1562.51,0.0,67.93,230.54
7440,1.92,1546.31,0.0,48.41,230.57
7455,1.92,1544.59,0.0,47.68,230.5
7470,1.93,1532.33,0.0,37.56,230.43
7485,1.93,1532.88,0.0,37.52,230.44
7500,1.93,1534.84,0.0,37.44,230.52
7515,1.91,1550.32,0.0,52.54,230.44
7530,1.87,1587.47,0.0,89.44,230.44
7545,1.97,3594.0,1.97,2095.4,230.43
7560,1.93,3666.41,1.9,2167.92,230.49
7575,1.93,3667.7,1.89,2170.93,230.49
7590,1.95,3665.72,1.92,2170.55,230.46
7605,1.98,3669.79,1.98,2173.53,230.44
7620,1.92,3667.83,1.87,2169.76,230.38
7635,1.97,3677.6,1.97,2179.0,230.38
7650,1.92,3671.65,1.88,2172.97,230.38
7665,1.9,3668.14,1.85,2170.35,230.39
7680,1.95,3665.3,1.93,2167.66,230.4
7695,1.94,3647.37,1.91,2151.38,230.37
7710,1.97,3604.66,1.96,2109.58,230.4
7725,1.92,3577.14,1.87,2080.58,230.48
7740,1.94,3573.54,1.92,2076.15,230.49
7755,1.89,3579.34,1.82,2081.32,230.47
7770,1.94,3646.89,1.9,2149.93,230.48
7785,1.93,3700.31,1.9,2204.54,230.49
7800,1.96,3676.26,1.94,2181.15,230.48
7815,1.9,3677.07,1.84,2179.96,230.41
7830,1.92,3672.87,1.88,2173.98,230.37
7845,1.87,3665.96,1.79,2168.28,230.48
7860,1.87,3667.35,1.79,2172.06,230.42
7875,1.91,3674.18,1.86,2176.81,230.39
7890,1.93,3660.43,1.9,2162.75,230.48
7905,1.93,3657.07,1.89,2162.09,230.45
7920,1.94,3657.42,1.91,2161.84,230.37
7935,1.95,3666.63,1.92,2170.58,230.4
7950,1.89,3649.69,1.83,2151.32,230.48
7965,1.93,3650.87,1.89,2153.74,230.48
7980,1.9,3648.27,1.85,2153.05,230.45
7995,1.96,3660.58,1.95,2161.95,230.45
8010,1.95,3656.98,1.93,2160.37,230.48
8025,1.83,1621.04,0.0,125.87,230.54
8040,1.82,1624.63,0.0,131.95,230.46
8055,1.83,1622.73,0.0,127.96,230.5
8070,1.82,1625.11,0.0,131.35,230.53
8085,1.83,1620.24,0.0,128.37,230.5
8100,1.82,1623.12,0.0,132.22,230.48
8115,1.82,1624.27,0.0,132.52,230.62
8130,1.83,1623.15,0.0,129.32,230.45
8145,1.86,1593.58,0.0,99.11,230.4
8160,1.91,1550.14,0.0,58.51,230.41
8175,1.93,1531.9,0.0,40.04,230.41
8190,1.93,1532.1,0.0,38.36,230.41
8205,1.91,1553.83,0.0,59.14,230.43
8220,1.83,1618.07,0.0,124.53,230.51
8235,1.78,1657.78,0.0,165.68,230.51
8250,1.81,1633.03,0.0,141.61,230.5
8265,1.84,1610.99,0.0,119.96,230.52
8280,1.8,1644.93,0.0,153.76,230.53
8295,1.79,1658.73,0.0,165.31,230.53
8310,1.82,1625.38,0.0,132.85,230.53
8325,1.85,1600.67,0.0,108.8,230.43
8340,1.81,1632.47,0.0,141.1,230.39
8355,1.82,1627.02,0.0,135.18,230.4
8370,1.82,1627.37,0.0,134.07,230.35
8385,1.84,1610.15,0.0,116.62,230.45
8400,1.83,1618.76,0.0,126.15,230.51
8415,1.86,1590.95,0.0,99.96,230.39
8430,1.83,1616.21,0.0,124.14,230.51
8445,1.82,1628.02,0.0,133.62,230.46
8460,1.8,1641.69,0.0,147.54,230.36
8475,1.81,1637.32,0.0,143.88,230.44
8490,1.8,1643.61,0.0,151.49,230.48
8505,1.79,1647.23,0.0,156.59,230.5
8520,1.8,1641.22,0.0,150.21,230.43
8535,1.8,1642.97,0.0,150.78,230.48
8550,1.8,1645.83,0.0,151.56,230.5
8565,1.8,1641.27,0.0,149.62,230.58
8580,1.77,1678.24,0.0,184.26,230.4
8595,1.81,1637.1,0.0,144.78,230.41
8610,1.86,1592.24,0.0,101.6,230.52
8625,1.87,1581.54,0.0,88.89,230.36
8640,1.87,1580.51,0.0,86.81,230.39
8655,1.85,1604.27,0.0,110.4,230.41
8670,,2968.2,,1475.55,231.05
8685,1.89,3626.05,1.83,2133.05,230.38
8700,1.92,3630.33,1.87,2138.61,230.29
8715,1.89,3610.72,1.82,2119.36,230.33
8730,1.92,3631.37,1.87,2140.97,230.35
8745,1.88,3624.39,1.81,2133.85,230.28
8760,1.96,3641.81,1.94,2148.37,230.35
8775,1.89,3636.54,1.83,2143.15,230.27
8790,1.9,3628.51,1.85,2137.49,230.39
8805,1.89,3725.59,1.82,2235.23,230.3
8820,1.84,3728.57,1.75,2237.62,230.38
8835,1.85,3711.82,1.76,2219.28,230.33
8850,1.9,3686.57,1.84,2193.23,230.27
8865,,5295.69,,3802.34,233.03
8880,1.9,5751.07,1.87,4257.38,230.24
8895,,4436.68,,2946.08,234.1
8910,1.81,3712.66,1.69,2221.83,230.29
8925,1.93,3710.53,1.89,2217.74,230.32
8940,1.9,3711.46,1.85,2218.68,230.37
8955,1.83,3711.04,1.72,2219.19,230.26
8970,1.96,3707.88,1.94,2217.36,230.34
8985,1.85,3714.89,1.76,2224.67,230.3
9000,1.84,3712.01,1.74,2213.58,230.35
9015,1.8,3759.83,1.68,2263.45,230.28
9030,1.84,3743.14,1.75,2247.94,230.35
9045,1.86,3703.22,1.78,2207.1,230.32
9060,1.87,3650.95,1.79,2155.58,230.34
9075,1.85,3649.29,1.76,2154.66,230.34
9090,1.86,3650.51,1.78,2155.47,230.3
9105,1.95,3658.57,1.93,2161.19,230.36
9120,1.95,3777.23,1.93,2279.05,230.34
9135,1.95,3762.96,1.93,2268.24,230.28
9150,1.83,3782.12,1.72,2284.77,230.38
9165,1.82,3761.7,1.71,2263.93,230.26
9180,1.85,3752.73,1.76,2258.08,230.38
9195,1.91,3768.12,1.86,2272.24,230.26
9210,1.9,3666.41,1.84,2168.11,230.36
9225,1.9,3652.77,1.85,2156.89,230.32
9240,1.9,3651.01,1.85,2156.43,230.27
9255,1.86,3730.24,1.77,2232.34,230.37
9270,1.84,3714.09,1.74,2217.18,230.31
9285,1.72,3873.32,1.56,2378.56,230.36
9300,1.77,3910.07,1.64,2414.7,230.29
9315,,2252.81,,755.41,230.42
9330,1.64,1958.14,0.55,460.36,230.43
9345,1.6,1949.67,0.34,451.64,230.43
9360,1.82,1720.6,0.71,221.99,230.47
9375,1.8,1727.46,0.66,228.97,230.39
9390,1.85,1720.87,0.95,224.11,230.37
9405,1.81,1742.0,0.81,246.84,230.36
9420,1.73,1750.7,0.29,254.44,230.49
9435,1.72,1770.92,0.29,272.85,230.36
9450,1.69,1805.51,0.29,306.91,230.49
9465,1.69,1814.83,0.29,316.15,230.36
9480,1.68,1821.01,0.29,323.22,230.48
9495,1.72,1765.75,0.29,268.11,230.4
9510,1.8,1704.47,0.54,208.47,230.37
9525,1.86,1704.96,0.98,209.88,230.39
9540,1.81,1705.9,0.63,209.34,230.46
9555,1.83,1677.48,0.58,180.08,230.49
9570,1.83,1672.52,0.53,174.5,230.48
9585,1.88,1670.91,1.01,173.95,230.45
9600,1.86,1670.19,0.8,174.42,230.37
9615,1.86,1664.66,0.8,169.54,230.36
9630,1.85,1677.71,0.8,180.61,230.35
9645,1.81,1753.59,0.8,254.7,230.35
9660,1.81,1758.91,0.8,261.23,230.46
9675,1.71,1809.88,0.45,314.59,230.53
9690,1.71,1812.42,0.45,315.05,230.49
9705,1.71,1816.16,0.45,318.47,230.44
9720,1.72,1807.69,0.45,312.71,230.44
9735,1.71,1810.17,0.45,314.59,230.49
9750,1.72,1804.61,0.45,308.56,230.45
9765,1.64,1830.63,0.12,332.26,230.36
9780,1.8,1793.13,0.89,296.0,230.41
9795,1.79,1816.44,0.89,321.22,230.5
9810,1.72,1788.61,0.35,289.98,230.4
9825,1.72,1782.31,0.35,285.7,230.39
9840,1.73,1711.12,0.0,215.95,230.51
9855,1.7,1742.72,0.0,250.05,230.5
9870,1.7,1779.0,0.24,284.24,230.44
9885,1.81,1775.31,0.87,281.55,230.43
9900,1.79,1810.48,0.87,318.61,230.49
9915,1.85,1707.05,0.93,216.15,230.48
9930,1.71,1907.39,0.74,415.64,230.41
9945,,1931.01,,437.18,230.52
9960,1.62,1931.5,0.37,437.03,230.46
9975,1.64,1916.81,0.44,425.18,230.47
9990,1.6,1921.37,0.25,429.51,230.43
10005,,1700.04,,206.31,230.43
10020,1.91,1678.6,1.29,183.91,230.51
10035,1.87,1713.75,1.11,220.21,230.42
10050,1.87,3676.66,1.8,2184.55,230.3
10065,1.87,3675.03,1.8,2183.6,230.41
10080,1.87,3700.62,1.8,2209.59,230.29
10095,1.86,3712.58,1.79,2221.42,230.36
10110,1.88,3737.58,1.81,2244.16,230.41
10125,1.86,3747.11,1.77,2254.59,230.35
10140,1.88,3755.36,1.81,2263.49,230.29
10155,1.86,3750.88,1.78,2259.51,230.33
10170,1.86,3753.14,1.78,2261.3,230.35
10185,1.85,3704.58,1.77,2211.29,230.32
10200,1.88,3640.12,1.8,2146.59,230.32
10215,1.81,3638.4,1.7,2145.79,230.35
10230,1.84,3633.19,1.74,2142.2,230.3
10245,1.88,3637.45,1.8,2145.38,230.32
10260,1.86,3644.14,1.78,2149.74,230.36
10275,1.89,3641.86,1.83,2147.71,230.42
10290,1.87,3636.06,1.78,2142.61,230.42
10305,1.86,3643.58,1.78,2151.47,230.42
10320,1.9,3640.28,1.85,2149.64,230.43
10335,1.88,3666.67,1.8,2175.66,230.42
10350,1.92,3720.97,1.88,2228.78,230.42
10365,1.9,3746.0,1.85,2251.73,230.42
10380,1.94,3745.63,1.91,2253.98,230.43
10395,1.88,3758.72,1.81,2264.75,230.37
10410,1.89,3759.47,1.82,2267.15,230.35
10425,1.88,3742.05,1.81,2251.41,230.37
10440,1.85,3687.83,1.77,2195.17,230.33
10455,1.9,3709.43,1.85,2215.72,230.31
10470,1.89,3745.91,1.83,2252.04,230.31
10485,1.85,3695.9,1.76,2203.24,230.34
10500,1.79,4098.06,1.68,2605.06,230.4
10515,1.78,3892.41,1.66,2400.7,230.42
10530,1.8,3888.99,1.68,2397.64,230.31
10545,1.79,3882.08,1.67,2391.68,230.38
10560,1.65,1931.65,0.53,441.11,230.59
10575,1.56,1929.9,0.11,436.45,230.43
10590,1.56,1929.28,0.11,435.89,230.5
10605,1.53,1926.99,0.0,435.98,230.51
10620,1.53,1928.87,0.0,438.51,230.44
10635,1.59,1899.83,0.16,408.87,230.55
10650,1.62,1894.48,0.27,401.94,230.43
10665,1.6,1896.18,0.16,402.85,230.42
10680,1.56,1893.7,0.0,400.35,230.53
10695,1.59,1900.87,0.15,407.18,230.45
10710,1.59,1899.18,0.15,408.59,230.51
10725,1.59,1895.69,0.17,404.86,230.48
10740,1.62,1903.56,0.3,410.77,230.47
10755,,1818.29,,325.51,230.51
10770,1.85,1596.68,0.0,104.83,230.42
10785,1.86,1598.09,0.0,99.65,230.42
10800,1.86,1590.83,0.0,94.46,230.42
10815,1.84,1608.54,0.0,113.34,230.46
10830,1.86,1589.63,0.0,93.51,230.55
10845,1.87,1587.45,0.0,92.08,230.49
10860,1.86,1592.61,0.0,97.98,230.43
10875,1.86,1589.39,0.0,94.35,230.49
10890,1.86,1590.93,0.0,93.56,230.5
10905,1.86,1594.21,0.0,96.03,230.43
10920,1.86,1588.85,0.0,94.13,230.57
10935,1.86,1591.15,0.0,93.8,230.44
10950,1.86,1593.57,0.0,95.79,230.43
10965,1.86,1590.02,0.0,95.38,230.51
10980,1.86,1590.31,0.0,94.43,230.55
10995,1.86,1591.13,0.0,92.83,230.55
11010,1.86,1588.87,0.0,92.99,230.43
11025,1.89,1566.26,0.0,71.68,230.42
11040,1.89,1569.49,0.0,71.59,230.42
11055,1.89,1568.31,0.0,71.4,230.5
11070,1.89,1566.35,0.0,71.58,230.48
11085,1.89,1566.88,0.0,71.51,230.44
11100,1.89,1569.05,0.0,71.65,230.44
11115,1.89,1569.44,0.0,71.66,230.44
11130,1.89,1568.31,0.0,70.28,230.43
11145,1.89,1568.02,0.0,69.41,230.46
11160,1.89,1567.83,0.0,69.34,230.47
11175,1.89,1566.13,0.0,69.37,230.48
11190,1.89,1563.8,0.0,68.63,230.43
11205,1.89,1565.9,0.0,69.64,230.47
11220,1.89,1567.64,0.0,69.57,230.51
11235,1.89,1569.54,0.0,70.94,230.5
11250,1.89,1568.59,0.0,69.91,230.49
11265,1.89,1567.3,0.0,69.51,230.44
11280,1.89,1566.54,0.0,68.9,230.43
11295,1.89,1563.1,0.0,67.11,230.44
11310,1.9,1561.32,0.0,66.25,230.52
11325,1.71,1746.47,0.12,249.9,230.64
11340,1.69,1754.4,0.0,257.01,230.56
11355,1.7,1780.29,0.18,282.27,230.58
11370,1.69,1769.88,0.12,272.92,230.58
11385,,1772.38,,276.61,230.61
11400,1.65,1948.89,0.55,453.77,230.46
11415,1.68,1950.12,0.67,453.01,230.58
11430,1.69,1931.46,0.67,432.57,230.54
11445,,3897.74,,2400.05,230.05
11460,1.84,4498.24,1.77,3002.95,230.74
11475,1.87,4466.79,1.81,2969.43,230.75
11490,1.85,4460.3,1.79,2962.62,230.67
11505,1.87,4459.14,1.82,2964.16,230.65
11520,1.86,4451.86,1.8,2956.28,230.63
11535,1.85,4453.05,1.79,2957.0,230.66
11550,1.86,4453.27,1.8,2954.9,230.69
11565,1.87,4450.75,1.81,2953.62,230.73
11580,1.87,4447.18,1.81,2951.96,230.74
11595,1.86,4447.09,1.79,2948.47,230.66
11610,1.87,4442.92,1.81,2946.31,230.63
11625,1.86,4440.3,1.79,2945.13,230.68
11640,1.86,4437.84,1.8,2945.17,230.75
11655,1.87,4437.22,1.82,2942.46,230.75
11670,1.86,4438.91,1.8,2945.15,230.73
11685,1.83,4433.16,1.76,2941.29,230.68
11700,1.66,1896.05,0.48,405.15,230.53
11715,1.81,1897.11,1.16,405.36,230.61
11730,1.86,4460.26,1.8,2966.43,230.68
11745,1.86,4450.56,1.8,2956.09,230.67
11760,1.86,4432.82,1.8,2941.19,230.76
11775,1.84,3786.52,1.74,2294.66,230.6
11790,1.84,3787.8,1.74,2294.07,230.66
11805,1.85,3789.34,1.77,2294.65,230.68
11820,1.82,3786.13,1.72,2292.59,230.61
11835,1.84,3785.2,1.75,2293.1,230.71
11850,1.81,4435.38,1.72,2943.96,230.65
11865,,4088.62,,2597.6,231.01
11880,1.82,4452.36,1.74,2961.2,230.76
11895,1.86,3812.8,1.78,2319.38,230.61
11910,1.83,3809.2,1.74,2316.67,230.64
11925,1.83,3811.94,1.73,2320.07,230.73
11940,1.84,3807.91,1.75,2316.55,230.66
11955,1.84,3807.19,1.75,2315.35,230.59
11970,1.84,3810.78,1.75,2317.49,230.71
11985,1.86,3811.62,1.78,2318.09,230.71
12000,1.85,3808.83,1.76,2316.22,230.58
12015,1.83,3806.87,1.73,2315.87,230.65
12030,1.84,3806.66,1.75,2314.6,230.71
12045,1.83,3809.33,1.74,2314.93,230.59
12060,1.85,3823.74,1.76,2329.59,230.66
12075,1.84,3825.69,1.76,2332.24,230.68
12090,1.85,3820.13,1.76,2328.02,230.59
12105,1.84,3803.14,1.75,2312.5,230.73
12120,1.85,3801.47,1.77,2310.46,230.58
12135,1.83,3804.08,1.73,2311.9,230.66
12150,1.84,3806.78,1.75,2312.5,230.73
12165,1.84,3767.63,1.75,2275.98,230.63
12180,1.85,3781.93,1.76,2287.95,230.63
12195,1.85,3701.44,1.76,2209.13,230.72
12210,1.86,4452.86,1.8,2962.23,230.71
12225,1.87,4451.29,1.82,2958.63,230.65
12240,1.88,3804.38,1.82,2310.67,230.68
12255,1.83,3802.31,1.74,2308.44,230.7
12270,1.85,3805.66,1.76,2313.01,230.72
12285,1.84,3805.99,1.75,2312.99,230.69
12300,,1892.0,,400.29,230.67
12315,1.64,1891.45,0.38,400.09,230.55
12330,1.87,4456.22,1.82,2965.82,230.72
12345,1.84,3800.94,1.75,2310.4,230.59
12360,1.69,1894.37,0.58,400.93,230.46
12375,1.69,1894.87,0.6,401.48,230.48
12390,,4664.75,,3173.74,230.71
12405,1.86,4466.42,1.8,2976.05,230.78
12420,1.85,3817.61,1.76,2326.65,230.74
12435,1.84,3803.38,1.75,2310.84,230.74
12450,1.84,3800.57,1.74,2307.23,230.66
12465,1.84,3798.7,1.75,2305.36,230.6
12480,1.86,3800.49,1.78,2306.8,230.64
12495,1.93,3798.52,1.89,2307.93,230.73
12510,1.85,3777.89,1.77,2287.06,230.7
12525,1.79,3779.57,1.67,2286.78,230.6
12540,1.85,3795.21,1.77,2302.43,230.71
12555,1.81,3899.2,1.7,2407.34,230.69
12570,1.8,3903.69,1.68,2413.17,230.61
12585,1.81,3895.94,1.7,2405.72,230.68
12600,1.85,3903.96,1.77,2405.53,230.71
12615,1.81,3894.7,1.7,2398.32,230.59
12630,1.81,3889.38,1.71,2394.19,230.62
12645,1.82,3893.39,1.72,2397.27,230.66
12660,1.81,3887.76,1.71,2392.39,230.72
12675,1.82,3889.34,1.71,2394.71,230.74
12690,1.82,3890.81,1.71,2395.77,230.71
12705,1.81,3892.38,1.7,2395.01,230.67
12720,1.81,3887.84,1.71,2389.67,230.64
12735,1.82,3902.08,1.72,2407.36,230.63
12750,1.82,3905.61,1.72,2408.26,230.59
12765,1.8,3904.33,1.7,2406.55,230.67
12780,1.81,3888.54,1.71,2393.89,230.71
12795,1.82,3887.05,1.73,2391.17,230.59
12810,1.81,3891.79,1.71,2393.49,230.72
12825,1.82,3885.67,1.72,2389.78,230.66
12840,1.82,3861.91,1.72,2367.33,230.59
12855,1.83,3870.03,1.73,2372.13,230.73
12870,1.81,3877.46,1.71,2380.55,230.59
12885,1.82,3886.44,1.71,2391.67,230.73
12900,1.82,3885.88,1.72,2390.52,230.61
12915,1.63,1979.98,0.56,482.58,230.56
12930,1.64,1982.67,0.58,484.89,230.51
12945,1.64,1979.51,0.58,481.48,230.57
12960,1.63,1985.31,0.56,486.7,230.54
12975,1.64,1981.65,0.58,483.16,230.52
12990,1.64,1981.62,0.59,484.85,230.57
13005,1.63,1977.9,0.54,482.74,230.55
13020,1.63,1981.14,0.55,484.88,230.57
13035,1.64,1981.01,0.57,482.94,230.48
13050,1.63,1983.08,0.54,484.48,230.62
13065,1.64,1983.38,0.58,484.7,230.47
13080,1.65,1997.32,0.66,499.54,230.54
13095,1.64,1997.69,0.61,500.05,230.58
13110,1.63,1978.96,0.57,482.97,230.47
13125,1.65,1977.82,0.61,482.74,230.61
13140,1.71,1982.77,0.86,486.2,230.5
13155,1.82,3896.73,1.72,2399.34,230.62
13170,1.82,3861.32,1.72,2363.29,230.7
13185,1.82,3869.07,1.72,2372.11,230.74
13200,1.82,3857.49,1.72,2361.72,230.71
13215,1.81,3887.08,1.71,2391.97,230.6
13230,1.81,3887.01,1.7,2389.9,230.65
13245,1.83,3889.0,1.74,2390.11,230.72
13260,1.81,3889.91,1.71,2392.23,230.74
13275,1.82,3888.51,1.73,2393.21,230.68
13290,1.82,3886.22,1.71,2388.86,230.6
13305,1.52,3886.41,1.23,2388.73,230.66
13320,1.64,1974.13,0.58,479.16,230.61
13335,1.66,1976.29,0.65,480.71,230.61
13350,1.62,1976.51,0.51,480.46,230.58
13365,1.63,1978.77,0.52,480.4,230.56
13380,1.64,1976.99,0.56,479.86,230.59
13395,1.65,1976.82,0.65,481.6,230.59
13410,1.66,1998.06,0.69,499.44,230.48
13425,1.64,1995.59,0.62,498.98,230.48
13440,1.65,1977.87,0.62,482.7,230.57
13455,1.82,3893.81,1.72,2401.14,230.69
13470,1.82,3889.1,1.71,2394.33,230.65
13485,1.81,3884.28,1.71,2390.52,230.6
13500,1.82,3722.85,1.71,2230.98,230.63
13515,1.83,3854.06,1.73,2363.15,230.61
13530,1.81,3859.26,1.7,2367.51,230.63
13545,1.81,3879.88,1.71,2386.05,230.73
13560,1.82,3880.13,1.72,2385.67,230.68
13575,1.83,3877.06,1.73,2385.43,230.62
13590,1.55,3872.46,1.27,2380.6,230.74
13605,1.64,1976.28,0.6,482.55,230.49
13620,1.66,1977.33,0.68,482.64,230.61
13635,1.87,5385.91,1.83,3892.37,230.42
13650,1.87,5576.53,1.83,4084.43,230.48
13665,1.87,5303.12,1.82,3811.7,230.47
13680,1.86,5280.16,1.82,3789.13,230.48
13695,1.87,5310.62,1.82,3819.46,230.48
13710,1.87,5528.87,1.83,4035.45,230.47
13725,1.87,5286.5,1.82,3793.97,230.51
13740,1.86,5291.38,1.81,3799.5,230.45
13755,1.88,5333.26,1.84,3841.89,230.53
13770,1.87,5548.03,1.83,4056.19,230.46
13785,1.87,5294.46,1.82,3801.16,230.47
13800,1.86,5293.87,1.81,3800.33,230.54
13815,1.87,5327.79,1.83,3835.18,230.44
13830,1.87,5529.01,1.83,4038.02,230.46
13845,1.86,5293.88,1.82,3801.82,230.53
13860,1.87,5296.34,1.82,3801.94,230.45
13875,1.87,5340.03,1.83,3845.88,230.54
13890,1.87,5535.9,1.83,4042.46,230.43
13905,1.87,5288.43,1.83,3796.32,230.55
13920,1.87,5292.89,1.82,3802.26,230.44
13935,1.87,5339.12,1.83,3848.11,230.55
13950,1.87,5532.44,1.83,4040.26,230.43
13965,1.86,5297.88,1.82,3803.61,230.5
13980,1.86,5306.22,1.82,3814.57,230.48
13995,1.5,7240.61,1.38,5746.64,230.48
14010,1.52,7368.38,1.4,5876.07,230.4
14025,1.6,7179.04,1.5,5688.4,230.39
14040,1.6,7179.58,1.5,5686.92,230.41
14055,1.52,7056.58,1.4,5562.88,230.38
14070,1.52,7182.77,1.4,5688.9,230.44
14085,1.61,7012.77,1.51,5520.12,230.47
14100,1.61,7020.75,1.51,5527.75,230.47
14115,1.52,7063.88,1.39,5572.17,230.43
14130,1.52,7181.19,1.4,5689.84,230.45
14145,1.61,7015.6,1.51,5525.2,230.46
14160,1.61,7011.43,1.51,5520.89,230.45
14175,1.52,7058.78,1.4,5565.34,230.39
14190,1.52,7184.24,1.4,5690.85,230.38
14205,1.61,7012.14,1.5,5521.13,230.46
14220,1.61,7011.7,1.51,5521.34,230.43
14235,1.53,7061.5,1.4,5570.54,230.38
14250,1.52,7180.06,1.4,5687.52,230.47
14265,1.61,7009.66,1.51,5516.33,230.37
14280,1.62,7009.94,1.52,5516.59,230.46
14295,1.52,7060.13,1.4,5566.45,230.48
14310,1.52,7173.14,1.4,5682.54,230.41
14325,1.63,7217.25,1.54,5726.42,230.38
14340,1.64,7213.22,1.54,5720.43,230.44
14355,1.5,4077.44,1.22,2584.66,230.49
14370,1.59,5079.1,1.42,3587.25,230.46
14385,1.6,4209.46,1.38,2718.94,230.47
14400,1.44,3969.29,1.12,2470.85,230.55
14415,1.45,3954.87,1.13,2458.49,230.43
14430,1.49,3953.01,1.18,2457.82,230.53
14445,1.48,4193.62,1.2,2697.5,230.55
14460,1.46,3950.14,1.14,2454.77,230.52
14475,1.45,3950.96,1.13,2456.33,230.48
14490,1.5,3945.84,1.2,2450.8,230.46
14505,1.49,4192.79,1.22,2695.41,230.46
14520,1.46,3957.08,1.14,2458.9,230.53
14535,1.45,3953.84,1.13,2459.12,230.55
14550,1.59,6516.81,1.47,5019.46,230.48
14565,1.59,5209.7,1.43,3711.93,230.43
14580,1.58,5193.93,1.42,3699.29,230.51
14595,1.45,3946.61,1.13,2450.73,230.43
14610,1.68,6502.78,1.59,5004.48,230.46
14625,1.57,5195.67,1.41,3699.79,230.42
14640,1.65,6174.46,1.54,4679.88,230.44
14655,1.67,6166.3,1.57,4668.4,230.45
14670,,6476.68,,4979.77,230.38
14685,1.56,6702.21,1.44,5207.44,230.49
14700,1.64,6159.13,1.54,4663.77,230.43
14715,1.64,6162.76,1.53,4665.36,230.42
14730,,6098.67,,4600.89,230.75
14745,1.68,6693.09,1.59,5195.06,230.46
14760,1.65,6158.2,1.54,4659.6,230.46
14775,1.65,6172.52,1.54,4674.03,230.38
14790,,6022.75,,4525.99,232.61
14805,1.62,6689.11,1.51,5193.95,230.45
14820,1.64,6156.92,1.53,4660.66,230.4
14835,1.64,6164.66,1.53,4666.6,230.4
14850,,4994.98,,3496.38,230.81
14865,,5710.39,,4211.71,231.12
14880,1.65,6162.79,1.54,4665.0,230.43
14895,,4431.79,,2934.15,230.5
14910,,4902.3,,3406.3,232.16
14925,,5171.64,,3676.56,230.46
14940,1.66,6255.82,1.56,4759.26,230.47
14955,,3945.03,,2447.64,230.51
14970,,3947.8,,2449.78,230.43
14985,,5188.29,,3691.33,230.42
15000,1.58,6397.75,1.46,4901.98,230.46
15015,,3944.69,,2449.58,230.55
15030,,3945.77,,2448.66,230.48
15045,,5722.12,,4223.23,230.45
15060,,6399.15,,4901.47,230.46
15075,,4355.27,,2859.97,230.42
15090,,3948.35,,2450.98,230.42
15105,1.55,6705.08,1.43,5207.4,230.42
15120,,6075.69,,4580.72,230.43
15135,1.45,5178.36,1.23,3682.78,230.4
15150,1.48,3945.5,1.17,2449.45,230.44
15165,1.6,6700.77,1.48,5202.4,230.38
15180,,6022.31,,4525.18,233.58
15195,1.45,5178.2,1.23,3682.98,230.44
15210,1.46,3947.67,1.13,2449.05,230.45
15225,1.6,6701.2,1.49,5204.59,230.46
15240,1.67,5167.21,1.54,3672.04,230.5
15255,1.46,5178.07,1.24,3685.4,230.5
15270,1.45,3938.07,1.13,2443.3,230.42
15285,1.58,6647.31,1.47,5153.55,230.42
15300,1.66,5167.42,1.52,3675.55,230.48
15315,1.52,5168.07,1.34,3677.17,230.4
15330,1.46,3935.15,1.15,2443.41,230.54
15345,1.67,6459.77,1.58,4965.93,230.45
15360,1.64,5167.59,1.5,3673.12,230.44
15375,1.59,5204.53,1.43,3712.89,230.55
15390,1.44,3964.02,1.12,2472.17,230.42
15405,1.67,6481.24,1.58,4987.51,230.45
15420,1.59,5188.96,1.43,3694.27,230.43
15435,1.58,5196.86,1.42,3703.32,230.39
15450,1.45,3958.85,1.13,2466.75,230.52
15465,1.67,6482.45,1.58,4991.03,230.47
15480,1.57,5189.76,1.41,3698.74,230.48
15495,1.58,5198.03,1.41,3706.87,230.53
15510,1.44,3964.41,1.11,2470.99,230.51
15525,1.63,6479.95,1.52,4987.42,230.46
15540,1.57,5186.62,1.4,3694.75,230.45
15555,,5243.3,,3751.93,230.4
15570,1.43,3959.86,1.1,2468.02,230.44
15585,1.66,6483.9,1.57,4990.6,230.37
15600,1.43,3949.34,1.1,2455.81,230.51
15615,1.41,3947.77,1.06,2455.16,230.53
15630,1.62,6182.55,1.51,4691.55,230.49
15645,,6488.36,,4996.29,230.43
15660,1.64,6706.07,1.55,5211.66,230.37
15675,1.62,6165.57,1.5,4671.42,230.39
15690,1.63,6157.28,1.52,4663.83,230.41
15705,,6193.09,,4700.98,233.8
15720,1.67,6702.77,1.57,5212.14,230.46
15735,1.63,6162.04,1.52,4671.03,230.51
15750,1.63,6162.97,1.52,4670.79,230.47
15765,,5508.5,,4014.23,230.49
15780,1.58,6706.32,1.47,5214.67,230.46
15795,1.63,6164.49,1.51,4670.52,230.4
15810,,5665.64,,4173.33,232.32
15825,,5032.11,,3541.48,233.42
15840,,5739.29,,4246.63,233.36
15855,1.62,6160.07,1.51,4666.37,230.47
15870,,4448.67,,2954.8,232.48
15885,,3941.0,,2448.35,230.54
15900,,5172.57,,3679.57,230.5
15915,1.75,6326.53,1.68,4834.82,230.39
15930,1.73,2088.86,1.09,597.51,230.61
15945,1.73,2087.38,1.09,596.98,230.58
15960,,3319.31,,1828.77,230.56
15975,1.83,4545.16,1.76,3051.72,230.58
15990,1.73,2088.5,1.09,595.1,230.62
16005,1.73,2085.94,1.09,594.93,230.58
16020,,3318.97,,1828.61,230.6
16035,,4541.38,,3050.42,230.45
16050,,2089.16,,596.62,230.51
16065,1.81,2088.58,1.37,595.25,230.46
16080,,3891.06,,2397.71,231.07
16095,,4064.11,,2570.42,230.82
16110,,2571.28,,1080.68,230.93
16125,1.76,2084.41,1.19,593.59,230.57
16140,,3834.41,,2341.62,230.56
16155,,4045.8,,2553.02,231.58
16170,,2592.44,,1100.58,231.63
16185,1.67,1887.26,0.49,396.75,230.54
16200,1.76,4650.2,1.66,3159.98,230.42
16215,1.81,3125.01,1.66,1626.57,230.45
16230,,2400.3,,903.92,232.04
16245,1.66,1889.46,0.45,394.27,230.57
16260,1.76,4574.48,1.65,3078.37,230.53
16275,1.85,3121.82,1.73,1626.45,230.44
16290,1.28,3122.29,0.63,1627.66,230.43
16305,1.67,1883.8,0.46,388.76,230.53
16320,1.8,4416.29,1.71,2918.92,230.56
16335,1.83,3120.28,1.7,1622.1,230.5
16350,1.51,3123.96,1.07,1629.24,230.54
16365,1.66,1889.31,0.44,391.96,230.47
16380,1.81,4415.25,1.73,2917.48,230.52
16395,1.81,3114.05,1.65,1619.41,230.55
16410,1.62,3124.04,1.29,1628.16,230.51
16425,1.66,1889.87,0.45,391.57,230.46
16440,1.82,4413.63,1.74,2917.74,230.56
16455,1.82,3115.15,1.66,1620.57,230.45
16470,1.82,3123.97,1.67,1626.07,230.59
16485,1.67,1887.69,0.5,390.79,230.51
16500,1.66,1875.38,0.4,380.61,230.5
16515,1.66,1877.76,0.4,382.39,230.56
16530,1.85,4111.85,1.77,2614.45,230.48
16545,1.85,4099.8,1.77,2602.02,230.53
16560,,4423.05,,2925.02,230.46
16575,1.82,4644.33,1.75,3145.73,230.5
16590,1.85,4097.19,1.77,2598.7,230.49
16605,1.85,4099.2,1.77,2602.43,230.44
16620,,4314.41,,2819.24,230.52
16635,1.88,4635.43,1.83,3139.17,230.51
16650,1.85,4101.89,1.77,2603.82,230.47
16665,1.85,4104.89,1.77,2606.29,230.43
16680,,4088.92,,2590.24,234.52
16695,1.8,4639.54,1.71,3141.75,230.51
16710,1.85,4097.47,1.77,2599.83,230.52
16725,,3171.11,,1675.12,230.46
16740,,3596.99,,2101.92,230.5
16755,,3321.66,,1825.09,230.54
16770,1.9,4269.33,1.86,2771.94,230.54
16785,,2057.11,,559.08,230.5
16800,,3148.28,,1651.32,234.53
16815,1.84,3282.19,1.73,1786.42,230.49
16830,,4266.15,,2771.04,230.41
16845,1.75,2051.27,1.12,554.17,230.51
16860,1.75,2053.23,1.12,554.35,230.47
16875,1.84,3284.7,1.73,1787.02,230.42
16890,1.84,3481.5,1.73,1986.2,230.5
16905,1.75,2052.64,1.11,555.28,230.62
16920,1.74,2054.54,1.11,556.85,230.49
16935,1.84,3284.29,1.73,1789.32,230.47
16950,1.81,4503.34,1.72,3007.76,230.45
16965,1.75,2050.26,1.11,554.21,230.62
16980,1.75,2053.57,1.11,555.2,230.53
16995,,3285.84,,1788.71,230.44
17010,,4505.66,,3010.44,230.45
17025,,2051.33,,552.71,230.48
17040,1.82,2049.72,1.37,553.11,230.57
17055,,3839.22,,2344.05,232.53
17070,,4072.88,,2580.21,232.01
17085,1.75,2015.05,1.1,520.28,230.57
17100,1.75,2015.05,1.1,521.29,230.47
17115,1.75,2009.29,1.1,517.43,230.49
17130,1.75,2009.34,1.1,518.44,230.57
17145,1.75,2012.7,1.1,520.95,230.45
17160,1.76,2013.37,1.1,519.54,230.58
17175,1.75,2016.43,1.09,521.96,230.45
17190,1.75,2011.28,1.09,519.64,230.53
17205,1.75,2013.28,1.08,521.42,230.53
17220,1.75,2012.33,1.08,518.59,230.51
17235,1.75,2013.19,1.09,518.49,230.55
17250,1.75,2013.43,1.1,519.89,230.57
17265,1.75,2013.44,1.09,521.34,230.45
17280,1.75,2010.58,1.08,519.16,230.54
17295,1.75,2012.29,1.08,521.26,230.49
17310,1.75,2009.75,1.09,518.59,230.48
17325,1.75,2012.9,1.09,519.48,230.57
17340,1.75,2012.88,1.09,520.35,230.45
17355,1.75,2010.73,1.09,518.86,230.5
17370,1.55,2010.48,0.31,519.12,230.57
17385,1.73,1767.11,0.33,275.27,230.59
17400,1.72,1768.85,0.3,275.56,230.59
17415,1.73,1769.08,0.34,275.55,230.53
17430,1.72,1768.13,0.32,275.52,230.51
17445,1.73,1765.89,0.35,274.89,230.45
17460,1.73,1765.43,0.33,273.37,230.54
17475,1.73,1768.86,0.34,274.46,230.59
17490,1.73,1768.83,0.33,274.68,230.57
17505,1.72,1766.8,0.29,273.35,230.59
17520,1.72,1765.06,0.31,272.95,230.52
17535,1.73,1765.69,0.34,275.05,230.45
17550,1.73,1766.15,0.35,275.14,230.55
17565,1.73,1765.84,0.34,273.66,230.58
17580,1.73,1768.77,0.32,274.49,230.48
17595,1.73,1767.05,0.33,275.4,230.5
17610,1.73,1766.85,0.32,272.87,230.58
17625,1.73,1767.5,0.33,275.19,230.47
17640,1.73,1763.45,0.33,272.81,230.53
17655,1.73,1768.52,0.34,275.86,230.48
17670,1.72,1767.47,0.3,273.76,230.58
17685,1.72,1769.31,0.32,275.44,230.51
17700,1.72,1766.17,0.3,273.52,230.47
17715,1.73,1766.3,0.32,273.3,230.59
17730,1.73,1766.46,0.34,274.75,230.45
17745,1.73,1761.73,0.35,270.38,230.57
17760,1.73,1763.91,0.35,273.51,230.53
17775,1.72,1763.42,0.31,272.88,230.45
17790,1.73,1763.96,0.33,270.51,230.54
17805,1.73,1765.87,0.33,272.47,230.56
17820,1.73,1764.36,0.33,273.34,230.48
17835,1.73,1761.91,0.35,271.55,230.47
17850,1.73,1761.77,0.34,270.81,230.58
17865,1.73,1765.33,0.33,272.79,230.56
17880,1.72,1767.32,0.32,273.99,230.5
17895,1.73,1766.0,0.34,272.65,230.46
17910,1.73,1765.21,0.34,271.53,230.46
17925,1.73,1761.64,0.34,271.04,230.51
17940,1.73,1761.46,0.35,270.63,230.56
17955,1.73,1765.06,0.34,272.27,230.58
17970,1.54,1982.0,0.2,489.22,230.6
17985,1.65,1869.69,0.32,377.84,230.48
18000,1.66,1858.07,0.34,367.56,230.5
18015,1.65,1871.18,0.34,372.74,230.51
18030,1.66,1867.65,0.35,371.27,230.53
18045,1.65,1869.99,0.35,374.79,230.45
18060,1.65,1871.8,0.33,375.68,230.56
18075,1.64,1871.7,0.3,376.33,230.48
18090,1.65,1873.03,0.33,378.4,230.52
18105,1.65,1871.64,0.32,376.6,230.55
18120,1.65,1876.22,0.33,378.85,230.44
18135,1.65,1878.4,0.33,380.22,230.55
18150,1.64,1873.33,0.31,378.61,230.56
18165,1.64,1877.41,0.3,380.06,230.47
18180,1.64,1879.44,0.3,381.66,230.44
18195,1.64,1876.41,0.32,381.77,230.46
18210,1.64,1880.03,0.31,384.15,230.45
18225,1.63,1879.69,0.27,381.39,230.45
18240,1.64,1874.42,0.27,378.54,230.45
18255,1.64,1871.17,0.28,376.59,230.45
18270,1.64,1872.19,0.27,374.29,230.46
18285,1.64,1867.8,0.28,370.89,230.45
18300,1.65,1860.44,0.28,365.68,230.5
18315,1.65,1858.71,0.28,363.35,230.58
18330,1.65,1858.78,0.29,361.39,230.58
18345,1.65,1857.88,0.3,360.1,230.5
18360,1.66,1855.84,0.29,357.81,230.46
18375,1.66,1853.19,0.29,354.58,230.57
18390,1.65,1854.16,0.28,355.67,230.49
18405,1.66,1848.27,0.3,351.51,230.51
18420,1.66,1846.12,0.3,350.95,230.59
18435,1.66,1846.29,0.3,350.03,230.47
18450,1.66,1844.48,0.3,346.41,230.54
18465,1.67,1846.78,0.31,348.19,230.5
18480,1.67,1844.86,0.35,346.18,230.47
18495,1.66,1850.87,0.31,353.09,230.59
18510,1.66,1854.38,0.32,356.74,230.46
18525,1.66,1853.04,0.31,357.05,230.55
18540,1.66,1853.88,0.32,358.8,230.58
18555,1.66,1856.75,0.32,360.18,230.53
18570,1.66,1857.41,0.33,360.02,230.47
18585,1.66,1858.99,0.32,360.96,230.45
18600,1.66,1846.99,0.29,350.02,230.46
18615,1.67,1831.04,0.26,335.27,230.47
18630,1.67,1830.22,0.27,335.11,230.5
18645,1.67,1831.38,0.26,334.27,230.55
18660,1.67,1833.44,0.27,334.55,230.52
18675,1.67,1833.25,0.27,335.57,230.49
18690,1.66,1830.52,0.25,335.23,230.47
18705,1.67,1832.48,0.27,335.11,230.49
18720,1.66,1834.26,0.25,336.58,230.46
18735,1.67,1832.56,0.28,337.58,230.48
18750,1.66,1833.09,0.27,337.51,230.51
18765,1.67,1832.63,0.28,336.58,230.56
18780,1.67,1834.12,0.27,335.74,230.58
18795,1.67,1831.79,0.26,334.66,230.58
18810,1.67,1829.42,0.26,334.2,230.54
18825,1.67,1833.51,0.27,334.89,230.47
18840,1.67,1831.46,0.26,334.85,230.47
18855,1.67,1828.55,0.27,333.37,230.51
18870,1.67,1825.59,0.27,332.92,230.52
18885,1.67,1829.19,0.26,334.43,230.47
18900,1.89,1627.28,0.84,133.52,230.43
18915,1.89,1626.07,0.82,134.2,230.5
18930,1.89,1623.63,0.81,132.73,230.57
18945,1.89,1623.03,0.84,131.28,230.57
18960,1.89,1625.05,0.82,131.22,230.57
18975,1.89,1625.35,0.82,130.88,230.57
18990,1.89,1622.76,0.82,131.13,230.56
19005,1.89,1622.85,0.81,131.0,230.5
19020,1.89,1624.97,0.82,131.23,230.52
19035,1.89,1625.76,0.81,131.06,230.56
19050,1.89,1623.3,0.85,129.77,230.53
19065,1.89,1622.14,0.82,130.04,230.51
19080,1.89,1623.94,0.82,132.51,230.54
19095,1.89,1622.89,0.82,131.87,230.44
19110,1.89,1621.1,0.82,129.94,230.56
19125,1.89,1625.65,0.82,132.22,230.49
19140,1.89,1622.55,0.82,130.02,230.48
19155,1.89,1622.52,0.87,130.65,230.58
19170,1.89,1623.83,0.85,132.47,230.48
19185,1.89,1622.12,0.83,130.28,230.5
19200,1.89,1623.27,0.82,129.97,230.57
19215,1.89,1624.91,0.82,131.38,230.55
19230,1.89,1624.65,0.83,132.04,230.46
19245,1.89,1620.87,0.85,129.88,230.47
19260,1.89,1622.87,0.83,130.81,230.57
19275,1.89,1625.9,0.82,131.49,230.44
19290,1.89,1624.03,0.86,129.89,230.58
19305,1.89,1625.1,0.86,131.65,230.46
19320,1.89,1621.44,0.85,129.33,230.49
19335,1.89,1620.18,0.85,129.54,230.56
19350,1.89,1622.98,0.85,131.97,230.47
19365,1.89,1621.84,0.83,129.65,230.49
19380,1.89,1625.11,0.84,130.83,230.56
19395,1.89,1622.28,0.77,130.63,230.45
19410,1.89,1623.32,0.79,129.35,230.58
19425,1.89,1624.06,0.77,131.74,230.46
19440,1.89,1619.55,0.8,128.92,230.51
19455,1.89,1622.4,0.8,129.74,230.58
