time_s,Kpv,P0,V0
0,0.16,519.03,230.33
15,0.13,522.49,230.42
30,0.13,521.96,230.49
45,0.13,519.01,230.4
60,0.15,519.65,230.36
75,0.14,529.62,230.37
90,0.14,536.33,230.48
105,0.14,541.42,230.43
120,0.13,545.48,230.36
135,0.13,549.33,230.36
150,0.13,549.63,230.47
165,0.14,549.02,230.43
180,0.13,551.15,230.46
195,0.14,550.75,230.43
210,0.12,571.5,230.36
225,0.14,572.61,230.43
240,0.13,571.71,230.41
255,0.15,572.13,230.45
270,0.14,571.84,230.35
285,0.13,571.64,230.49
300,0.13,573.96,230.35
315,0.14,572.86,230.49
330,0.12,571.67,230.37
345,0.14,573.23,230.41
360,0.13,571.06,230.49
375,0.13,571.63,230.37
390,0.14,572.28,230.37
405,0.13,572.71,230.48
420,0.14,569.61,230.41
435,0.15,571.49,230.4
450,0.12,567.95,230.46
465,0.14,571.44,230.36
480,0.14,567.25,230.47
495,0.11,571.61,230.39
510,0.15,566.51,230.42
525,0.13,567.89,230.42
540,0.13,566.95,230.37
555,0.15,566.03,230.37
570,0,563.88,230.39
585,0.12,564.04,230.38
600,0.14,563.8,230.39
615,0.13,563.73,230.37
630,0.14,565.52,230.36
645,0.14,562.98,230.37
660,0.13,563.21,230.37
675,0.16,564.09,230.39
690,0.15,562.54,230.47
705,0.11,562.42,230.5
720,0.16,563.67,230.41
735,0.13,561.05,230.37
750,0.14,560.94,230.46
765,0.13,559.16,230.51
780,0.12,559.31,230.51
795,0.13,559.41,230.51
810,0.15,556.93,230.48
825,0.14,557.51,230.46
840,0.13,556.09,230.42
855,0.14,558.71,230.37
870,0.13,557.6,230.41
885,0.14,555.97,230.37
900,0.13,554.97,230.48
915,0.13,555.32,230.44
930,0.14,554.13,230.43
945,0.13,554.52,230.39
960,0.13,551.81,230.51
975,0.14,555.95,230.39
990,0.12,550.64,230.43
1005,0.14,553.53,230.5
1020,0.14,551.43,230.38
1035,0.12,549.78,230.52
1050,0.14,553.32,230.39
1065,0.14,548.73,230.48
1080,0.13,552.55,230.42
1095,0.15,550.43,230.42
1110,0,548.11,230.51
1125,0.14,550.61,230.42
1140,0.15,549.14,230.41
1155,0.13,547.72,230.52
1170,0.15,551.26,230.43
1185,0.16,549.95,230.38
1200,0.15,545.86,230.48
1215,0.18,549.29,230.51
1230,0.17,546.68,230.39
1245,0.14,548.05,230.4
1260,0.15,545.48,230.46
1275,0.14,544.77,230.51
1290,0.15,546.64,230.52
1305,0.17,546.12,230.51
1320,0.15,546.79,230.46
1335,0.2,546.93,230.44
1350,0.18,547.51,230.47
1365,0.16,545.07,230.42
1380,0.17,546.69,230.4
1395,0.16,543.14,230.39
1410,0.15,542.32,230.4
1425,0.19,543.64,230.43
1440,0.14,541.85,230.52
1455,0.16,543.26,230.49
1470,0.18,545.24,230.45
1485,0.16,542.34,230.39
1500,0.17,542.64,230.52
1515,0.18,542.44,230.46
1530,0.15,541.1,230.39
1545,0.17,541.27,230.49
1560,0.16,541.85,230.44
1575,0.14,539.14,230.45
1590,NaN,569.13,230.5
1605,0.65,980.79,230.42
1620,0.61,977.96,230.38
1635,0.64,975.27,230.42
1650,0.61,978.63,230.51
1665,0.62,978.64,230.45
1680,0.63,975.32,230.41
1695,0.63,978.12,230.51
1710,0.57,976.33,230.39
1725,0.64,974.56,230.51
1740,0.59,977.83,230.5
1755,0.63,974.74,230.48
1770,0.62,976.53,230.44
1785,0.62,973.05,230.38
1800,0.58,972.8,230.43
1815,0.55,974.46,230.52
1830,0.59,974.71,230.42
1845,0.58,973.13,230.38
1860,0.58,973.49,230.41
1875,0.6,970.04,230.5
1890,1.52,2878.52,230.63
1905,1.52,2869.97,230.62
1920,1.51,2871.01,230.61
1935,1.51,2866.8,230.62
1950,1.51,2867.03,230.58
1965,1.51,4294.03,230.55
1980,1.4,4335.89,230.58
1995,1.4,4334.85,230.59
2010,NaN,5073.2,230.53
2025,1.49,5068.9,230.52
2040,1.49,5062.38,230.47
2055,1.5,5061.01,230.56
2070,1.49,5058.7,230.53
2085,1.49,5058.94,230.47
2100,1.49,5059.41,230.56
2115,NaN,4328.9,230.55
2130,1.4,4329.41,230.51
2145,1.39,4327.97,230.5
2160,1.39,4333.87,230.55
2175,1.41,4334.3,230.6
2190,1.4,4331.05,230.54
2205,1.4,4333.3,230.49
2220,1.41,4327.18,230.49
2235,1.25,4318.66,230.5
2250,0.92,2429.54,230.39
2265,0.94,2427.16,230.39
2280,0.95,2425.04,230.45
2295,0.92,2425.69,230.48
2310,0.94,2429.69,230.49
2325,0.94,2423.92,230.43
2340,0.94,2425.22,230.37
2355,0.93,2423.3,230.46
2370,0.93,2423.3,230.48
2385,0.93,2419.91,230.41
2400,0.95,2428.23,230.37
2415,0.94,2418.93,230.38
2430,0.93,2418.31,230.48
2445,0.95,2425.23,230.46
2460,0.95,2418.95,230.4
2475,0.93,2416.49,230.35
2490,0.93,2415.81,230.35
2505,0.93,2417.54,230.45
2520,0.93,2415.26,230.45
2535,0.91,2420.49,230.41
2550,0.92,2414.04,230.39
2565,0.93,2414.01,230.44
2580,0.91,2412.94,230.47
2595,0.9,2409.78,230.45
2610,0.9,2412.89,230.41
2625,0.93,2410.92,230.38
2640,0.92,2411.5,230.42
2655,0.94,2409.79,230.47
2670,0.92,2411.94,230.48
2685,0.91,2409.91,230.48
2700,0.92,2408.33,230.47
2715,0.92,2409.81,230.48
2730,0.9,2410.37,230.44
2745,0.91,2406.53,230.36
2760,0.92,2408.05,230.41
2775,0.93,2408.91,230.48
2790,0.91,2405.46,230.46
2805,0.94,2406.05,230.43
2820,0.91,2411.29,230.39
2835,0.93,2409.86,230.38
2850,0.94,2408.33,230.38
2865,0.93,2412.32,230.45
2880,0.91,2408.36,230.48
2895,0.92,2411.9,230.45
2910,0.9,2410.62,230.48
2925,0.91,2408.59,230.49
2940,0.93,2413.04,230.49
2955,0.91,2406.65,230.47
2970,0.91,2410.55,230.44
2985,0.94,2410.64,230.37
3000,0.91,2411.49,230.4
3015,0.93,2409.09,230.48
3030,0.92,2406.7,230.49
3045,0.92,2406.41,230.48
3060,0.93,2406.17,230.41
3075,0.92,2409.32,230.37
3090,0.92,2416.08,230.46
3105,0.92,2407.39,230.49
3120,0.92,2411.65,230.41
3135,0.91,2413.68,230.37
3150,0.91,2408.68,230.43
3165,0.92,2412.78,230.48
3180,0.92,2405.87,230.49
3195,0.93,2411.94,230.5
3210,0.93,2410.4,230.48
3225,0.93,2409.77,230.48
3240,0.92,2406.11,230.5
3255,0.93,2407.06,230.47
3270,0.92,2408.75,230.49
3285,0.92,2411.89,230.4
3300,0.94,2402.98,230.48
3315,0.94,2409.62,230.45
3330,0.92,2409.65,230.38
3345,0.93,2404.57,230.38
3360,0.9,2407.36,230.37
3375,0.92,2405.13,230.38
3390,0.92,2408.76,230.37
3405,0.93,2406.86,230.49
3420,0.92,2408.99,230.46
3435,0.92,2409.29,230.37
3450,0.92,2404.77,230.44
3465,0.9,2411.44,230.46
3480,0.93,2406.85,230.42
3495,0.92,2404.91,230.43
3510,0.94,2407.64,230.49
3525,0.93,2401.57,230.4
3540,0.93,2408.01,230.4
3555,0.94,2406.47,230.44
3570,0.95,2408.23,230.45
3585,0.95,2402.63,230.41
3600,0.93,2404.55,230.47
3615,NaN,1203.83,230.61
3630,NaN,534.94,230.43
3645,0.64,163.44,230.55
3660,0.58,163.9,230.41
3675,0.64,164.35,230.53
3690,0.64,162.67,230.49
3705,0.65,165.06,230.43
3720,0.63,160.54,230.47
3735,0.62,160.48,230.49
3750,0.6,157.12,230.51
3765,0.63,159.37,230.42
3780,0.54,157.45,230.55
3795,0.68,162.31,230.42
3810,0.65,157.53,230.53
3825,0.64,158.42,230.41
3840,0.66,158.88,230.52
3855,0.59,159.64,230.41
3870,0.44,158.88,230.54
3885,0.74,159.08,230.42
3900,0.6,157.72,230.56
3915,0.7,157.65,230.42
3930,0.7,158.85,230.53
3945,0.59,159.07,230.44
3960,0.67,157.97,230.54
3975,0.67,158.91,230.41
3990,0.69,156.18,230.5
4005,0.71,158.23,230.53
4020,0.59,160.62,230.41
4035,0.54,156.38,230.51
4050,0.71,158.8,230.48
4065,0.73,157,230.41
4080,0.64,155.86,230.52
4095,0.63,157.76,230.53
4110,0.77,160.67,230.41
4125,0.56,156.73,230.43
4140,0.75,156.43,230.54
4155,0.49,158.06,230.48
4170,0.65,156.5,230.42
4185,0.71,157.9,230.51
4200,0.55,157.8,230.53
4215,0.66,159.3,230.44
4230,0.78,156.38,230.43
4245,0.61,155.67,230.52
4260,0.73,157.66,230.53
4275,0.79,158.02,230.42
4290,0.64,156.45,230.42
4305,0.68,154.94,230.48
4320,0.65,157.18,230.47
4335,0.66,155.61,230.42
4350,0.75,157.14,230.41
4365,0.56,156.97,230.41
4380,0.7,156.9,230.41
4395,0.67,155.15,230.44
4410,0.54,155.28,230.55
4425,0.7,156.17,230.4
4440,0.67,154.58,230.51
4455,0.6,157,230.5
4470,0.7,159.22,230.4
4485,0.65,153.86,230.49
4500,0.56,155.6,230.54
4515,0.63,156.7,230.4
4530,0.69,154.68,230.47
4545,0.69,155.51,230.53
4560,0.83,156.73,230.42
4575,0.56,154.46,230.42
4590,0.7,157.08,230.55
4605,0.61,156.73,230.44
4620,0.7,154.28,230.43
4635,0.76,154.73,230.55
4650,0.57,156.17,230.41
4665,0.71,154.42,230.53
4680,0.65,156.19,230.43
4695,0.68,153.44,230.48
4710,0.72,158,230.52
4725,0.66,157.28,230.4
4740,0.62,154.24,230.51
4755,0.62,118.94,230.54
4770,0.63,120.34,230.48
4785,0.63,118.6,230.43
4800,0.63,119.26,230.53
4815,0.63,119,230.4
4830,0.63,117.84,230.55
4845,0.63,120.23,230.44
4860,0.63,118,230.45
4875,0.63,118.21,230.55
4890,0.63,119.76,230.52
4905,0.63,119.99,230.43
4920,0.63,117.21,230.44
4935,0.63,118.16,230.55
4950,0.66,119.95,230.47
4965,0.63,117.64,230.43
4980,0.6,118.88,230.55
4995,0.61,118.88,230.41
5010,0.62,117.74,230.55
5025,0.62,118.97,230.43
5040,0.63,117.66,230.53
5055,0.63,119.78,230.49
5070,0.64,118.41,230.41
5085,0.64,116.95,230.54
5100,0.64,119.39,230.51
5115,0.62,119.48,230.43
5130,0.64,118.17,230.42
5145,0.64,116.92,230.47
5160,0.64,118.49,230.55
5175,0.63,119.13,230.44
5190,0.64,117.92,230.42
5205,0.62,117.41,230.42
5220,0.64,116.8,230.49
5235,0.62,117.45,230.56
5250,0.64,118.37,230.55
5265,0.65,119.13,230.48
5280,0.63,118.64,230.42
5295,0.61,116.9,230.45
5310,0.64,117.21,230.56
5325,0.65,118.59,230.53
5340,0.62,118.84,230.45
5355,0.64,118.58,230.43
5370,0.64,117.27,230.43
5385,0.63,115.68,230.53
5400,0.66,118.15,230.53
5415,0.64,119.19,230.44
5430,0.58,116.89,230.46
5445,0.66,115.24,230.56
5460,0.62,117.22,230.51
5475,0.64,117.09,230.42
5490,0.62,115.79,230.56
5505,0.63,116.71,230.42
5520,0.65,115.12,230.54
5535,0.65,117.03,230.43
5550,0.61,115.2,230.55
5565,0.63,117.53,230.49
5580,0.63,115.95,230.42
5595,0.62,115.25,230.56
5610,0.63,117.5,230.49
5625,0.61,116.53,230.41
5640,0.63,114.78,230.52
5655,0.64,116.72,230.51
5670,0.65,115.76,230.41
5685,0.63,114.6,230.53
5700,0.65,117.19,230.51
5715,0.61,115.76,230.43
5730,0.63,114.99,230.54
5745,0.64,116.99,230.51
5760,0.63,114.9,230.46
5775,0.64,117.08,230.48
5790,0.61,114.49,230.48
5805,0.64,116.77,230.47
5820,0.65,114.05,230.49
5835,0.63,115.79,230.55
5850,0.64,115.9,230.42
5865,0.66,115.75,230.55
5880,0.65,114.36,230.47
5895,0.62,116.23,230.53
5910,0.64,116.3,230.42
5925,0.65,114.25,230.46
5940,0.64,114.3,230.54
5955,0.65,114.57,230.56
5970,0.62,114.63,230.55
5985,0.61,114.08,230.46
6000,0.64,115.94,230.41
6015,0.62,116.71,230.44
6030,0.63,116.88,230.5
6045,0.66,116.38,230.53
6060,0.66,115.56,230.53
6075,0.65,116.3,230.5
6090,0.64,116.33,230.52
6105,0.65,115.92,230.54
6120,0.64,113.7,230.53
6135,0.62,114.02,230.46
6150,0.64,114.81,230.42
6165,0.7,116.36,230.45
6180,0.71,116.41,230.45
6195,0.7,115.38,230.42
6210,0.71,114.23,230.45
6225,0.71,113.56,230.49
6240,0.72,115,230.42
6255,0.71,115.33,230.55
6270,0.72,113.18,230.54
6285,0.71,113.67,230.51
6300,0.71,114.22,230.56
6315,0.72,115.26,230.56
6330,0.7,115.72,230.52
6345,0.7,116.37,230.48
6360,0.72,116.15,230.5
6375,0.71,114.24,230.57
6390,0.71,114.2,230.44
6405,0.72,115.58,230.43
6420,0.72,116.22,230.47
6435,0.72,115.44,230.55
6450,0.72,112.77,230.52
6465,0.72,114.59,230.42
6480,0.71,115.42,230.52
6495,0.72,113.7,230.57
6510,0.72,113.32,230.54
6525,0.72,114.36,230.42
6540,0.72,115.75,230.48
6555,0.72,115.03,230.54
6570,0.72,114.01,230.57
6585,0.72,113.5,230.57
6600,0.71,113.62,230.57
6615,0.72,113.11,230.55
6630,0.71,113.41,230.5
6645,0.72,114.19,230.44
6660,0.73,115.35,230.46
6675,0.71,115.92,230.47
6690,0.73,115.22,230.44
6705,0.72,115.5,230.45
6720,0.73,115.12,230.45
6735,0.72,115.11,230.54
6750,0.72,113.99,230.58
6765,0.71,114.26,230.57
6780,0.72,113.09,230.57
6795,0.72,113.29,230.52
6810,0.71,113.57,230.43
6825,0.73,115.26,230.46
6840,0.72,115.42,230.53
6855,0.72,113.85,230.58
6870,0.72,112.2,230.54
6885,0.7,112.94,230.48
6900,0.72,114.2,230.43
6915,0.73,114.34,230.56
6930,0.71,112.98,230.57
6945,0.72,112.87,230.55
6960,0.75,112.08,230.46
6975,0.71,114.61,230.49
6990,0.7,112.5,230.52
7005,0.71,114.76,230.43
7020,0.73,114.81,230.51
7035,0,32,230.47
7050,0,34.53,230.47
7065,0,32.45,230.58
7080,0,32.34,230.47
7095,0,34.59,230.49
7110,0,32.84,230.58
7125,0,32.52,230.46
7140,0,34.51,230.51
7155,0,32.37,230.57
7170,0,31.89,230.51
7185,0,33.29,230.44
7200,0,34.51,230.46
7215,0,33.07,230.58
7230,0,33.5,230.43
7245,0,33.94,230.55
7260,0,31.89,230.54
7275,0,34.2,230.44
7290,0,33.33,230.57
7305,0,32.04,230.49
7320,0,34.45,230.45
7335,0,39.37,230.56
7350,0,40.94,230.43
7365,0,40.94,230.57
7380,0,39.85,230.57
7395,0,39.63,230.47
7410,0,52.46,230.44
7425,0,67.93,230.54
7440,0,48.41,230.57
7455,0,47.68,230.5
7470,0,37.56,230.43
7485,0,37.52,230.44
7500,0,37.44,230.52
7515,0,52.54,230.44
7530,0,89.44,230.44
7545,1.97,2095.4,230.43
7560,1.9,2167.92,230.49
7575,1.89,2170.93,230.49
7590,1.92,2170.55,230.46
7605,1.98,2173.53,230.44
7620,1.87,2169.76,230.38
7635,1.97,2179,230.38
7650,1.88,2172.97,230.38
7665,1.85,2170.35,230.39
7680,1.93,2167.66,230.4
7695,1.91,2151.38,230.37
7710,1.96,2109.58,230.4
7725,1.87,2080.58,230.48
7740,1.92,2076.15,230.49
7755,1.82,2081.32,230.47
7770,1.9,2149.93,230.48
7785,1.9,2204.54,230.49
7800,1.94,2181.15,230.48
7815,1.84,2179.96,230.41
7830,1.88,2173.98,230.37
7845,1.79,2168.28,230.48
7860,1.79,2172.06,230.42
7875,1.86,2176.81,230.39
7890,1.9,2162.75,230.48
7905,1.89,2162.09,230.45
7920,1.91,2161.84,230.37
7935,1.92,2170.58,230.4
7950,1.83,2151.32,230.48
7965,1.89,2153.74,230.48
7980,1.85,2153.05,230.45
7995,1.95,2161.95,230.45
8010,1.93,2160.37,230.48
8025,0,125.87,230.54
8040,0,131.95,230.46
8055,0,127.96,230.5
8070,0,131.35,230.53
8085,0,128.37,230.5
8100,0,132.22,230.48
8115,0,132.52,230.62
8130,0,129.32,230.45
8145,0,99.11,230.4
8160,0,58.51,230.41
8175,0,40.04,230.41
8190,0,38.36,230.41
8205,0,59.14,230.43
8220,0,124.53,230.51
8235,0,165.68,230.51
8250,0,141.61,230.5
8265,0,119.96,230.52
8280,0,153.76,230.53
8295,0,165.31,230.53
8310,0,132.85,230.53
8325,0,108.8,230.43
8340,0,141.1,230.39
8355,0,135.18,230.4
8370,0,134.07,230.35
8385,0,116.62,230.45
8400,0,126.15,230.51
8415,0,99.96,230.39
8430,0,124.14,230.51
8445,0,133.62,230.46
8460,0,147.54,230.36
8475,0,143.88,230.44
8490,0,151.49,230.48
8505,0,156.59,230.5
8520,0,150.21,230.43
8535,0,150.78,230.48
8550,0,151.56,230.5
8565,0,149.62,230.58
8580,0,184.26,230.4
8595,0,144.78,230.41
8610,0,101.6,230.52
8625,0,88.89,230.36
8640,0,86.81,230.39
8655,0,110.4,230.41
8670,NaN,1475.55,231.05
8685,1.83,2133.05,230.38
8700,1.87,2138.61,230.29
8715,1.82,2119.36,230.33
8730,1.87,2140.97,230.35
8745,1.81,2133.85,230.28
8760,1.94,2148.37,230.35
8775,1.83,2143.15,230.27
8790,1.85,2137.49,230.39
8805,1.82,2235.23,230.3
8820,1.75,2237.62,230.38
8835,1.76,2219.28,230.33
8850,1.84,2193.23,230.27
8865,NaN,3802.34,233.03
8880,1.87,4257.38,230.24
8895,NaN,2946.08,234.1
8910,1.69,2221.83,230.29
8925,1.89,2217.74,230.32
8940,1.85,2218.68,230.37
8955,1.72,2219.19,230.26
8970,1.94,2217.36,230.34
8985,1.76,2224.67,230.3
9000,1.74,2213.58,230.35
9015,1.68,2263.45,230.28
9030,1.75,2247.94,230.35
9045,1.78,2207.1,230.32
9060,1.79,2155.58,230.34
9075,1.76,2154.66,230.34
9090,1.78,2155.47,230.3
9105,1.93,2161.19,230.36
9120,1.93,2279.05,230.34
9135,1.93,2268.24,230.28
9150,1.72,2284.77,230.38
9165,1.71,2263.93,230.26
9180,1.76,2258.08,230.38
9195,1.86,2272.24,230.26
9210,1.84,2168.11,230.36
9225,1.85,2156.89,230.32
9240,1.85,2156.43,230.27
9255,1.77,2232.34,230.37
9270,1.74,2217.18,230.31
9285,1.56,2378.56,230.36
9300,1.64,2414.7,230.29
9315,NaN,755.41,230.42
9330,0.55,460.36,230.43
9345,0.34,451.64,230.43
9360,0.71,221.99,230.47
9375,0.66,228.97,230.39
9390,0.95,224.11,230.37
9405,0.81,246.84,230.36
9420,0.29,254.44,230.49
9435,0.29,272.85,230.36
9450,0.29,306.91,230.49
9465,0.29,316.15,230.36
9480,0.29,323.22,230.48
9495,0.29,268.11,230.4
9510,0.54,208.47,230.37
9525,0.98,209.88,230.39
9540,0.63,209.34,230.46
9555,0.58,180.08,230.49
9570,0.53,174.5,230.48
9585,1.01,173.95,230.45
9600,0.8,174.42,230.37
9615,0.8,169.54,230.36
9630,0.8,180.61,230.35
9645,0.8,254.7,230.35
9660,0.8,261.23,230.46
9675,0.45,314.59,230.53
9690,0.45,315.05,230.49
9705,0.45,318.47,230.44
9720,0.45,312.71,230.44
9735,0.45,314.59,230.49
9750,0.45,308.56,230.45
9765,0.12,332.26,230.36
9780,0.89,296,230.41
9795,0.89,321.22,230.5
9810,0.35,289.98,230.4
9825,0.35,285.7,230.39
9840,0,215.95,230.51
9855,0,250.05,230.5
9870,0.24,284.24,230.44
9885,0.87,281.55,230.43
9900,0.87,318.61,230.49
9915,0.93,216.15,230.48
9930,0.74,415.64,230.41
9945,NaN,437.18,230.52
9960,0.37,437.03,230.46
9975,0.44,425.18,230.47
9990,0.25,429.51,230.43
10005,NaN,206.31,230.43
10020,1.29,183.91,230.51
10035,1.11,220.21,230.42
10050,1.8,2184.55,230.3
10065,1.8,2183.6,230.41
10080,1.8,2209.59,230.29
10095,1.79,2221.42,230.36
10110,1.81,2244.16,230.41
10125,1.77,2254.59,230.35
10140,1.81,2263.49,230.29
10155,1.78,2259.51,230.33
10170,1.78,2261.3,230.35
10185,1.77,2211.29,230.32
10200,1.8,2146.59,230.32
10215,1.7,2145.79,230.35
10230,1.74,2142.2,230.3
10245,1.8,2145.38,230.32
10260,1.78,2149.74,230.36
10275,1.83,2147.71,230.42
10290,1.78,2142.61,230.42
10305,1.78,2151.47,230.42
10320,1.85,2149.64,230.43
10335,1.8,2175.66,230.42
10350,1.88,2228.78,230.42
10365,1.85,2251.73,230.42
10380,1.91,2253.98,230.43
10395,1.81,2264.75,230.37
10410,1.82,2267.15,230.35
10425,1.81,2251.41,230.37
10440,1.77,2195.17,230.33
10455,1.85,2215.72,230.31
10470,1.83,2252.04,230.31
10485,1.76,2203.24,230.34
10500,1.68,2605.06,230.4
10515,1.66,2400.7,230.42
10530,1.68,2397.64,230.31
10545,1.67,2391.68,230.38
10560,0.53,441.11,230.59
10575,0.11,436.45,230.43
10590,0.11,435.89,230.5
10605,0,435.98,230.51
10620,0,438.51,230.44
10635,0.16,408.87,230.55
10650,0.27,401.94,230.43
10665,0.16,402.85,230.42
10680,0,400.35,230.53
10695,0.15,407.18,230.45
10710,0.15,408.59,230.51
10725,0.17,404.86,230.48
10740,0.3,410.77,230.47
10755,NaN,325.51,230.51
10770,0,104.83,230.42
10785,0,99.65,230.42
10800,0,94.46,230.42
10815,0,113.34,230.46
10830,0,93.51,230.55
10845,0,92.08,230.49
10860,0,97.98,230.43
10875,0,94.35,230.49
10890,0,93.56,230.5
10905,0,96.03,230.43
10920,0,94.13,230.57
10935,0,93.8,230.44
10950,0,95.79,230.43
10965,0,95.38,230.51
10980,0,94.43,230.55
10995,0,92.83,230.55
11010,0,92.99,230.43
11025,0,71.68,230.42
11040,0,71.59,230.42
11055,0,71.4,230.5
11070,0,71.58,230.48
11085,0,71.51,230.44
11100,0,71.65,230.44
11115,0,71.66,230.44
11130,0,70.28,230.43
11145,0,69.41,230.46
11160,0,69.34,230.47
11175,0,69.37,230.48
11190,0,68.63,230.43
11205,0,69.64,230.47
11220,0,69.57,230.51
11235,0,70.94,230.5
11250,0,69.91,230.49
11265,0,69.51,230.44
11280,0,68.9,230.43
11295,0,67.11,230.44
11310,0,66.25,230.52
11325,0.12,249.9,230.64
11340,0,257.01,230.56
11355,0.18,282.27,230.58
11370,0.12,272.92,230.58
11385,NaN,276.61,230.61
11400,0.55,453.77,230.46
11415,0.67,453.01,230.58
11430,0.67,432.57,230.54
11445,NaN,2400.05,230.05
11460,1.77,3002.95,230.74
11475,1.81,2969.43,230.75
11490,1.79,2962.62,230.67
11505,1.82,2964.16,230.65
11520,1.8,2956.28,230.63
11535,1.79,2957,230.66
11550,1.8,2954.9,230.69
11565,1.81,2953.62,230.73
11580,1.81,2951.96,230.74
11595,1.79,2948.47,230.66
11610,1.81,2946.31,230.63
11625,1.79,2945.13,230.68
11640,1.8,2945.17,230.75
11655,1.82,2942.46,230.75
11670,1.8,2945.15,230.73
11685,1.76,2941.29,230.68
11700,0.48,405.15,230.53
11715,1.16,405.36,230.61
11730,1.8,2966.43,230.68
11745,1.8,2956.09,230.67
11760,1.8,2941.19,230.76
11775,1.74,2294.66,230.6
11790,1.74,2294.07,230.66
11805,1.77,2294.65,230.68
11820,1.72,2292.59,230.61
11835,1.75,2293.1,230.71
11850,1.72,2943.96,230.65
11865,NaN,2597.6,231.01
11880,1.74,2961.2,230.76
11895,1.78,2319.38,230.61
11910,1.74,2316.67,230.64
11925,1.73,2320.07,230.73
11940,1.75,2316.55,230.66
11955,1.75,2315.35,230.59
11970,1.75,2317.49,230.71
11985,1.78,2318.09,230.71
12000,1.76,2316.22,230.58
12015,1.73,2315.87,230.65
12030,1.75,2314.6,230.71
12045,1.74,2314.93,230.59
12060,1.76,2329.59,230.66
12075,1.76,2332.24,230.68
12090,1.76,2328.02,230.59
12105,1.75,2312.5,230.73
12120,1.77,2310.46,230.58
12135,1.73,2311.9,230.66
12150,1.75,2312.5,230.73
12165,1.75,2275.98,230.63
12180,1.76,2287.95,230.63
12195,1.76,2209.13,230.72
12210,1.8,2962.23,230.71
12225,1.82,2958.63,230.65
12240,1.82,2310.67,230.68
12255,1.74,2308.44,230.7
12270,1.76,2313.01,230.72
12285,1.75,2312.99,230.69
12300,NaN,400.29,230.67
12315,0.38,400.09,230.55
12330,1.82,2965.82,230.72
12345,1.75,2310.4,230.59
12360,0.58,400.93,230.46
12375,0.6,401.48,230.48
12390,NaN,3173.74,230.71
12405,1.8,2976.05,230.78
12420,1.76,2326.65,230.74
12435,1.75,2310.84,230.74
12450,1.74,2307.23,230.66
12465,1.75,2305.36,230.6
12480,1.78,2306.8,230.64
12495,1.89,2307.93,230.73
12510,1.77,2287.06,230.7
12525,1.67,2286.78,230.6
12540,1.77,2302.43,230.71
12555,1.7,2407.34,230.69
12570,1.68,2413.17,230.61
12585,1.7,2405.72,230.68
12600,1.77,2405.53,230.71
12615,1.7,2398.32,230.59
12630,1.71,2394.19,230.62
12645,1.72,2397.27,230.66
12660,1.71,2392.39,230.72
12675,1.71,2394.71,230.74
12690,1.71,2395.77,230.71
12705,1.7,2395.01,230.67
12720,1.71,2389.67,230.64
12735,1.72,2407.36,230.63
12750,1.72,2408.26,230.59
12765,1.7,2406.55,230.67
12780,1.71,2393.89,230.71
12795,1.73,2391.17,230.59
12810,1.71,2393.49,230.72
12825,1.72,2389.78,230.66
12840,1.72,2367.33,230.59
12855,1.73,2372.13,230.73
12870,1.71,2380.55,230.59
12885,1.71,2391.67,230.73
12900,1.72,2390.52,230.61
12915,0.56,482.58,230.56
12930,0.58,484.89,230.51
12945,0.58,481.48,230.57
12960,0.56,486.7,230.54
12975,0.58,483.16,230.52
12990,0.59,484.85,230.57
13005,0.54,482.74,230.55
13020,0.55,484.88,230.57
13035,0.57,482.94,230.48
13050,0.54,484.48,230.62
13065,0.58,484.7,230.47
13080,0.66,499.54,230.54
13095,0.61,500.05,230.58
13110,0.57,482.97,230.47
13125,0.61,482.74,230.61
13140,0.86,486.2,230.5
13155,1.72,2399.34,230.62
13170,1.72,2363.29,230.7
13185,1.72,2372.11,230.74
13200,1.72,2361.72,230.71
13215,1.71,2391.97,230.6
13230,1.7,2389.9,230.65
13245,1.74,2390.11,230.72
13260,1.71,2392.23,230.74
13275,1.73,2393.21,230.68
13290,1.71,2388.86,230.6
13305,1.23,2388.73,230.66
13320,0.58,479.16,230.61
13335,0.65,480.71,230.61
13350,0.51,480.46,230.58
13365,0.52,480.4,230.56
13380,0.56,479.86,230.59
13395,0.65,481.6,230.59
13410,0.69,499.44,230.48
13425,0.62,498.98,230.48
13440,0.62,482.7,230.57
13455,1.72,2401.14,230.69
13470,1.71,2394.33,230.65
13485,1.71,2390.52,230.6
13500,1.71,2230.98,230.63
13515,1.73,2363.15,230.61
13530,1.7,2367.51,230.63
13545,1.71,2386.05,230.73
13560,1.72,2385.67,230.68
13575,1.73,2385.43,230.62
13590,1.27,2380.6,230.74
13605,0.6,482.55,230.49
13620,0.68,482.64,230.61
13635,1.83,3892.37,230.42
13650,1.83,4084.43,230.48
13665,1.82,3811.7,230.47
13680,1.82,3789.13,230.48
13695,1.82,3819.46,230.48
13710,1.83,4035.45,230.47
13725,1.82,3793.97,230.51
13740,1.81,3799.5,230.45
13755,1.84,3841.89,230.53
13770,1.83,4056.19,230.46
13785,1.82,3801.16,230.47
13800,1.81,3800.33,230.54
13815,1.83,3835.18,230.44
13830,1.83,4038.02,230.46
13845,1.82,3801.82,230.53
13860,1.82,3801.94,230.45
13875,1.83,3845.88,230.54
13890,1.83,4042.46,230.43
13905,1.83,3796.32,230.55
13920,1.82,3802.26,230.44
13935,1.83,3848.11,230.55
13950,1.83,4040.26,230.43
13965,1.82,3803.61,230.5
13980,1.82,3814.57,230.48
13995,1.38,5746.64,230.48
14010,1.4,5876.07,230.4
14025,1.5,5688.4,230.39
14040,1.5,5686.92,230.41
14055,1.4,5562.88,230.38
14070,1.4,5688.9,230.44
14085,1.51,5520.12,230.47
14100,1.51,5527.75,230.47
14115,1.39,5572.17,230.43
14130,1.4,5689.84,230.45
14145,1.51,5525.2,230.46
14160,1.51,5520.89,230.45
14175,1.4,5565.34,230.39
14190,1.4,5690.85,230.38
14205,1.5,5521.13,230.46
14220,1.51,5521.34,230.43
14235,1.4,5570.54,230.38
14250,1.4,5687.52,230.47
14265,1.51,5516.33,230.37
14280,1.52,5516.59,230.46
14295,1.4,5566.45,230.48
14310,1.4,5682.54,230.41
14325,1.54,5726.42,230.38
14340,1.54,5720.43,230.44
14355,1.22,2584.66,230.49
14370,1.42,3587.25,230.46
14385,1.38,2718.94,230.47
14400,1.12,2470.85,230.55
14415,1.13,2458.49,230.43
14430,1.18,2457.82,230.53
14445,1.2,2697.5,230.55
14460,1.14,2454.77,230.52
14475,1.13,2456.33,230.48
14490,1.2,2450.8,230.46
14505,1.22,2695.41,230.46
14520,1.14,2458.9,230.53
14535,1.13,2459.12,230.55
14550,1.47,5019.46,230.48
14565,1.43,3711.93,230.43
14580,1.42,3699.29,230.51
14595,1.13,2450.73,230.43
14610,1.59,5004.48,230.46
14625,1.41,3699.79,230.42
14640,1.54,4679.88,230.44
14655,1.57,4668.4,230.45
14670,NaN,4979.77,230.38
14685,1.44,5207.44,230.49
14700,1.54,4663.77,230.43
14715,1.53,4665.36,230.42
14730,NaN,4600.89,230.75
14745,1.59,5195.06,230.46
14760,1.54,4659.6,230.46
14775,1.54,4674.03,230.38
14790,NaN,4525.99,232.61
14805,1.51,5193.95,230.45
14820,1.53,4660.66,230.4
14835,1.53,4666.6,230.4
14850,NaN,3496.38,230.81
14865,NaN,4211.71,231.12
14880,1.54,4665,230.43
14895,NaN,2934.15,230.5
14910,NaN,3406.3,232.16
14925,NaN,3676.56,230.46
14940,1.56,4759.26,230.47
14955,NaN,2447.64,230.51
14970,NaN,2449.78,230.43
14985,NaN,3691.33,230.42
15000,1.46,4901.98,230.46
15015,NaN,2449.58,230.55
15030,NaN,2448.66,230.48
15045,NaN,4223.23,230.45
15060,NaN,4901.47,230.46
15075,NaN,2859.97,230.42
15090,NaN,2450.98,230.42
15105,1.43,5207.4,230.42
15120,NaN,4580.72,230.43
15135,1.23,3682.78,230.4
15150,1.17,2449.45,230.44
15165,1.48,5202.4,230.38
15180,NaN,4525.18,233.58
15195,1.23,3682.98,230.44
15210,1.13,2449.05,230.45
15225,1.49,5204.59,230.46
15240,1.54,3672.04,230.5
15255,1.24,3685.4,230.5
15270,1.13,2443.3,230.42
15285,1.47,5153.55,230.42
15300,1.52,3675.55,230.48
15315,1.34,3677.17,230.4
15330,1.15,2443.41,230.54
15345,1.58,4965.93,230.45
15360,1.5,3673.12,230.44
15375,1.43,3712.89,230.55
15390,1.12,2472.17,230.42
15405,1.58,4987.51,230.45
15420,1.43,3694.27,230.43
15435,1.42,3703.32,230.39
15450,1.13,2466.75,230.52
15465,1.58,4991.03,230.47
15480,1.41,3698.74,230.48
15495,1.41,3706.87,230.53
15510,1.11,2470.99,230.51
15525,1.52,4987.42,230.46
15540,1.4,3694.75,230.45
15555,NaN,3751.93,230.4
15570,1.1,2468.02,230.44
15585,1.57,4990.6,230.37
15600,1.1,2455.81,230.51
15615,1.06,2455.16,230.53
15630,1.51,4691.55,230.49
15645,NaN,4996.29,230.43
15660,1.55,5211.66,230.37
15675,1.5,4671.42,230.39
15690,1.52,4663.83,230.41
15705,NaN,4700.98,233.8
15720,1.57,5212.14,230.46
15735,1.52,4671.03,230.51
15750,1.52,4670.79,230.47
15765,NaN,4014.23,230.49
15780,1.47,5214.67,230.46
15795,1.51,4670.52,230.4
15810,NaN,4173.33,232.32
15825,NaN,3541.48,233.42
15840,NaN,4246.63,233.36
15855,1.51,4666.37,230.47
15870,NaN,2954.8,232.48
15885,NaN,2448.35,230.54
15900,NaN,3679.57,230.5
15915,1.68,4834.82,230.39
15930,1.09,597.51,230.61
15945,1.09,596.98,230.58
15960,NaN,1828.77,230.56
15975,1.76,3051.72,230.58
15990,1.09,595.1,230.62
16005,1.09,594.93,230.58
16020,NaN,1828.61,230.6
16035,NaN,3050.42,230.45
16050,NaN,596.62,230.51
16065,1.37,595.25,230.46
16080,NaN,2397.71,231.07
16095,NaN,2570.42,230.82
16110,NaN,1080.68,230.93
16125,1.19,593.59,230.57
16140,NaN,2341.62,230.56
16155,NaN,2553.02,231.58
16170,NaN,1100.58,231.63
16185,0.49,396.75,230.54
16200,1.66,3159.98,230.42
16215,1.66,1626.57,230.45
16230,NaN,903.92,232.04
16245,0.45,394.27,230.57
16260,1.65,3078.37,230.53
16275,1.73,1626.45,230.44
16290,0.63,1627.66,230.43
16305,0.46,388.76,230.53
16320,1.71,2918.92,230.56
16335,1.7,1622.1,230.5
16350,1.07,1629.24,230.54
16365,0.44,391.96,230.47
16380,1.73,2917.48,230.52
16395,1.65,1619.41,230.55
16410,1.29,1628.16,230.51
16425,0.45,391.57,230.46
16440,1.74,2917.74,230.56
16455,1.66,1620.57,230.45
16470,1.67,1626.07,230.59
16485,0.5,390.79,230.51
16500,0.4,380.61,230.5
16515,0.4,382.39,230.56
16530,1.77,2614.45,230.48
16545,1.77,2602.02,230.53
16560,NaN,2925.02,230.46
16575,1.75,3145.73,230.5
16590,1.77,2598.7,230.49
16605,1.77,2602.43,230.44
16620,NaN,2819.24,230.52
16635,1.83,3139.17,230.51
16650,1.77,2603.82,230.47
16665,1.77,2606.29,230.43
16680,NaN,2590.24,234.52
16695,1.71,3141.75,230.51
16710,1.77,2599.83,230.52
16725,NaN,1675.12,230.46
16740,NaN,2101.92,230.5
16755,NaN,1825.09,230.54
16770,1.86,2771.94,230.54
16785,NaN,559.08,230.5
16800,NaN,1651.32,234.53
16815,1.73,1786.42,230.49
16830,NaN,2771.04,230.41
16845,1.12,554.17,230.51
16860,1.12,554.35,230.47
16875,1.73,1787.02,230.42
16890,1.73,1986.2,230.5
16905,1.11,555.28,230.62
16920,1.11,556.85,230.49
16935,1.73,1789.32,230.47
16950,1.72,3007.76,230.45
16965,1.11,554.21,230.62
16980,1.11,555.2,230.53
16995,NaN,1788.71,230.44
17010,NaN,3010.44,230.45
17025,NaN,552.71,230.48
17040,1.37,553.11,230.57
17055,NaN,2344.05,232.53
17070,NaN,2580.21,232.01
17085,1.1,520.28,230.57
17100,1.1,521.29,230.47
17115,1.1,517.43,230.49
17130,1.1,518.44,230.57
17145,1.1,520.95,230.45
17160,1.1,519.54,230.58
17175,1.09,521.96,230.45
17190,1.09,519.64,230.53
17205,1.08,521.42,230.53
17220,1.08,518.59,230.51
17235,1.09,518.49,230.55
17250,1.1,519.89,230.57
17265,1.09,521.34,230.45
17280,1.08,519.16,230.54
17295,1.08,521.26,230.49
17310,1.09,518.59,230.48
17325,1.09,519.48,230.57
17340,1.09,520.35,230.45
17355,1.09,518.86,230.5
17370,0.31,519.12,230.57
17385,0.33,275.27,230.59
17400,0.3,275.56,230.59
17415,0.34,275.55,230.53
17430,0.32,275.52,230.51
17445,0.35,274.89,230.45
17460,0.33,273.37,230.54
17475,0.34,274.46,230.59
17490,0.33,274.68,230.57
17505,0.29,273.35,230.59
17520,0.31,272.95,230.52
17535,0.34,275.05,230.45
17550,0.35,275.14,230.55
17565,0.34,273.66,230.58
17580,0.32,274.49,230.48
17595,0.33,275.4,230.5
17610,0.32,272.87,230.58
17625,0.33,275.19,230.47
17640,0.33,272.81,230.53
17655,0.34,275.86,230.48
17670,0.3,273.76,230.58
17685,0.32,275.44,230.51
17700,0.3,273.52,230.47
17715,0.32,273.3,230.59
17730,0.34,274.75,230.45
17745,0.35,270.38,230.57
17760,0.35,273.51,230.53
17775,0.31,272.88,230.45
17790,0.33,270.51,230.54
17805,0.33,272.47,230.56
17820,0.33,273.34,230.48
17835,0.35,271.55,230.47
17850,0.34,270.81,230.58
17865,0.33,272.79,230.56
17880,0.32,273.99,230.5
17895,0.34,272.65,230.46
17910,0.34,271.53,230.46
17925,0.34,271.04,230.51
17940,0.35,270.63,230.56
17955,0.34,272.27,230.58
17970,0.2,489.22,230.6
17985,0.32,377.84,230.48
18000,0.34,367.56,230.5
18015,0.34,372.74,230.51
18030,0.35,371.27,230.53
18045,0.35,374.79,230.45
18060,0.33,375.68,230.56
18075,0.3,376.33,230.48
18090,0.33,378.4,230.52
18105,0.32,376.6,230.55
18120,0.33,378.85,230.44
18135,0.33,380.22,230.55
18150,0.31,378.61,230.56
18165,0.3,380.06,230.47
18180,0.3,381.66,230.44
18195,0.32,381.77,230.46
18210,0.31,384.15,230.45
18225,0.27,381.39,230.45
18240,0.27,378.54,230.45
18255,0.28,376.59,230.45
18270,0.27,374.29,230.46
18285,0.28,370.89,230.45
18300,0.28,365.68,230.5
18315,0.28,363.35,230.58
18330,0.29,361.39,230.58
18345,0.3,360.1,230.5
18360,0.29,357.81,230.46
18375,0.29,354.58,230.57
18390,0.28,355.67,230.49
18405,0.3,351.51,230.51
18420,0.3,350.95,230.59
18435,0.3,350.03,230.47
18450,0.3,346.41,230.54
18465,0.31,348.19,230.5
18480,0.35,346.18,230.47
18495,0.31,353.09,230.59
18510,0.32,356.74,230.46
18525,0.31,357.05,230.55
18540,0.32,358.8,230.58
18555,0.32,360.18,230.53
18570,0.33,360.02,230.47
18585,0.32,360.96,230.45
18600,0.29,350.02,230.46
18615,0.26,335.27,230.47
18630,0.27,335.11,230.5
18645,0.26,334.27,230.55
18660,0.27,334.55,230.52
18675,0.27,335.57,230.49
18690,0.25,335.23,230.47
18705,0.27,335.11,230.49
18720,0.25,336.58,230.46
18735,0.28,337.58,230.48
18750,0.27,337.51,230.51
18765,0.28,336.58,230.56
18780,0.27,335.74,230.58
18795,0.26,334.66,230.58
18810,0.26,334.2,230.54
18825,0.27,334.89,230.47
18840,0.26,334.85,230.47
18855,0.27,333.37,230.51
18870,0.27,332.92,230.52
18885,0.26,334.43,230.47
18900,0.84,133.52,230.43
18915,0.82,134.2,230.5
18930,0.81,132.73,230.57
18945,0.84,131.28,230.57
18960,0.82,131.22,230.57
18975,0.82,130.88,230.57
18990,0.82,131.13,230.56
19005,0.81,131,230.5
19020,0.82,131.23,230.52
19035,0.81,131.06,230.56
19050,0.85,129.77,230.53
19065,0.82,130.04,230.51
19080,0.82,132.51,230.54
19095,0.82,131.87,230.44
19110,0.82,129.94,230.56
19125,0.82,132.22,230.49
19140,0.82,130.02,230.48
19155,0.87,130.65,230.58
19170,0.85,132.47,230.48
19185,0.83,130.28,230.5
19200,0.82,129.97,230.57
19215,0.82,131.38,230.55
19230,0.83,132.04,230.46
19245,0.85,129.88,230.47
19260,0.83,130.81,230.57
19275,0.82,131.49,230.44
19290,0.86,129.89,230.58
19305,0.86,131.65,230.46
19320,0.85,129.33,230.49
19335,0.85,129.54,230.56
19350,0.85,131.97,230.47
19365,0.83,129.65,230.49
19380,0.84,130.83,230.56
19395,0.77,130.63,230.45
19410,0.79,129.35,230.58
19425,0.77,131.74,230.46
19440,0.8,128.92,230.51
19455,0.8,129.74,230.58
